likes,body,time
13,"Добро пожаловать в новую группу 
[club174587735|FOX МУЛЬТ]

Полные серии, прикольные нарезки, прямые эфиры и конечно угарные мемы из наших любимых мультфильмов, Симпсонов, Гриффинов, Рика и Морти и многих других! По Мему стабильно в час! Конкурсы каждую неделю!",1576267609
346,Как вам моя работа?),1576267539
16,"Хочешь зарабатывать на инсте? 
Заходи ➡➡ https://vk.cc/a1jsJe
Заходи ➡➡ https://vk.cc/a1jsJe",1573679808
335,,1570685786
1828,"Любое ваше действие, гораздо лучше бездействия.",1560751204
4545,"Чтобы выжить в нашем времени нужно убить в себе человека, и выпустить наружу психа, живущего в тебе.",1551676385
2999,"Порядок необходим глупцам, гений же властвует над хаосом.",1551676372
1595,Меня ещё не забыли? Ха-Ха-Ха...,1542969981
1394,"Леди Джокер

 Художница Tiya Li",1542795900
2459,"Кто лучший?

Но помни, я буду мстить.",1542781500
1334,"У меня нет желания быть жестоким, но у меня есть желание воткнуть нож в...",1542763473
2967,"Имей больше, чем показываешь, говори меньше, чем знаешь.",1531594801
2851,"Будьте внимательны к своим мыслям, они — начало поступков.",1531587602
2082,Большинство битв вы проигрываете в собственной голове.,1531576802
1554,Жизнь вынуждает нас делать многие вещи добровольно.,1531562403
2228,"Человек должен быть писателем своей судьбы, а не читателем чужой.",1531551603
2073,"Я не псих, я просто вижу людей насквозь и понимаю их сущность.",1531544403
2528,Хочешь быть счастливым - не ройся в памяти.,1531533600
1332,"Любое ваше действие, гораздо лучше бездействия.",1531519200
1457,"Никто не паникует, когда все идет согласно плану. Даже если план чудовищен.",1531508403
1996,"Я не стараюсь никого удивить, я лишь делаю то, что мне нравится.",1531501204
2747,"Улыбка – идеальная иллюзия. 
Никто и никогда не узнает, что под ней скрывается.",1531490405
770,"Судите дело, а личность откиньте, что вам до нее",1531476007
1816,"Каждому человеку, которому ты даришь доверие, ты даешь в руки нож. Им он может тебя защитить или уничтожить.",1531465207
1378,"Чем больше узнаю людей, тем больше люблю себя.",1531458007
936,"Все эти проблемы, которые тебя волнуют - следствия дебильных сказок, которые ты сам себе напридумывал и никак не можешь разбить эти убеждения.",1531447202
854,"Твое лицо, когда к тебе обращаются с просьбой ""скажи мне, только честно...""",1531432801
857,"Все любят делать то, что умеют...",1531162803
1378,Одна из самых главных проблем 21 века — никто не умеет признавать свою вину.,1531155604
1481,"Если вас не любят люди - это не значит, что вы плохой. Просто вы не так ""удобны""для них.",1531144805
1472,"Особый талант - говорить спокойно, когда хочется кричать.",1531130406
1327,"Возможно, ты и начнешь жизнь с чистого листа, только вот почерк у тебя будет прежний...",1531119608
814,"Не страшно, что вы зашли в тупик, страшно, что вы не пытаетесь выбраться.",1531112406
895,"Почему, когда я предлагаю кого-нибудь убить, все воспринимают это как шутку?",1531101601
661,"— Я знал как начнётся этот день. 
— А как закончится, знаешь?",1531087201
1164,"Предательство нельзя прощать, а иначе люди будут предавать тебя постоянно.",1530813605
936,"Я никогда не напомню вам о том, что вы сделали со мной. Но я никогда и не забуду этого.",1530802807
1359,Одиночество сделает тебя сильнее. Слезы сделают тебя храбрее. Разочарование сделает тебя мудрее.,1530792008
903,"Не возвращайтесь к людям, которые вас предали, они того не стоят.",1530781210
1199,"Мне плевать на ваше мнение обо мне, я таков, каков я есть!",1530759604
1069,"Никогда не лги тому, кто тебе доверяет.",1530640805
809,"Есть вещи о которых я постоянно думаю, но никогда не произнесу в слух.. в психушку ведь упекут!",1530630006
650,"Не жалейте о своих ошибках, но учитесь на них.",1530619206
532,"Нерешительность хуже, чем неверное решение.",1530608408
736,"Если ты не научишься управлять собой, тобой будут управлять другие.",1530586804
829,"За улыбку платим слезами, за радость – грустью, за веру – отчаянием, за любовь – одиночеством. У жизни свои расценки.",1530554405
914,"В жизни я слышал многое — клятвы, обещания, комплименты, но лучшее, что я слышал — тишина. В ней нет лжи.",1530543607
821,"Разница в возрасте конечно бывает, но она ничтожна по сравнению с разницей в уме.",1530532806
640,"Люби своих врагов, хотя бы ради того, чтобы действовать им на нервы.",1530522008
704,"Любой твой шаг может изменить жизнь… Вопрос лишь в том, куда ты решишь этот шаг сделать",1530500403
969,"Порой, эти люди говорят мне, что я глуп - я не реагирую. Порой они говорят, что я никчёмен - я не реагирую. А порой они говорят, что они лучше меня - и вот тут я начинаю смеяться.",1529949604
614,"Займите себя чем-то, что приносит Вам удовольствие. Это самое дешевое лекарство на земле — и одно из самых эффективных.",1529938805
707,Каждый имеет право на своё безумие.,1529924406
682,"Дайте человеку цель, ради которой стоит жить, и он сможет выжить в любой ситуации.",1529910008
1041,"Да, у меня много недостатков. Простите меня, идеальные люди.",1529895603
928,"Я отвечаю за то, что говорю, но не отвечаю за то, что вы слышите.",1529694001
558,"Жалеть надо не о том, что вы сделали, а о том, на что не хватило патронов.",1529686801
605,Для каждого события есть свой час.,1529676001
552,"Красота может и спасет мир. 
Но кто сказал, что речь идет о внешности?",1529661602
653,Самый редкий вид дружбы – это дружба с собственной головой.,1529650802
648,"Честные враги лучше, чем фальшивые друзья",1529643601
611,"Если к тебе кто-то добр, то не играй на его чувствах. Жизнь чрезвычайно мстительна.",1529632800
1019,"- Давай сыграем в прятки навсегда ? 
- Это как? 
- Ты исчезнешь из моей жизни и я тебя никогда не найду. И ты выиграешь, и мне приятно.",1529618400
719,"Я не нравлюсь многим, лишь по одной причине, у меня есть собственное мнение.",1529607601
512,"Безразличие на мнение окружающих, обеспечивает спокойную и счастливую жизнь.",1529600402
466,Главное — верить в себя. Мнение окружающих меняется ежедневно.,1529589601
666,"Самый опасный человек - это тот, у кого нет эмоций",1529575202
444,"Люди молчат там, где нужно сказать, и говорят там, где нужно помолчать.",1529564402
561,"Когда тебя предает близкий человек, кажется, что ты упал с десятого этажа, но выжил.",1529557202
388,Выбор есть всегда и выбор есть у каждого,1529546400
602,Мое сердце занято – оно гоняет кровь по организму,1529532000
564,"Я не псих, я сознательно не в себе.",1529521200
461,Всегда выбирайте самый трудный путь - на нем вы редко встретите конкурентов.,1529514001
572,"Поживу - увижу, доживу - узнаю, выживу - учту.",1529503201
572,"Если вам кажется, что у меня опустились руки - вы ошибаетесь. Я просто наклонился за монтировкой",1529488801
400,Сны - это зеркало самых больших страхов и самых сильных соблазнов.,1529478001
449,"Если волк съел твоего врага, это не значит, что он стал твоим другом.",1529470801
459,"Я не пытаюсь быть лучшим. Я умею быть самим собой, а это лучше.",1529460000
512,"Злость - это состояние, в котором язык работает быстрее мозга",1529445600
425,"«Изменился» — это чушь. Люди лишь все больше становятся теми, кто они есть.",1529434800
462,"Не давай второй шанс, пусть ценит с первого.",1529427601
312,"Бывает жизнь, когда лучшее, что есть в ней, – это сон.",1529416801
388,"Почему, когда я предлагаю кого-нибудь убить, все воспринимают это как шутку?",1529402401
346,"Возможно ты и начнешь жизнь с чистого листа , только вот почерк у тебя будет прежний...",1529391601
415,Ты родился оригиналом — не умри копией!,1529384401
363,"Было время, когда удивляло хамство, теперь удивляет вежливость...",1529373600
492,"Никогда не смейся над теми,у кого ничего нет. 
Ведь ты не знаешь что случиться с тобой завтра.",1529359200
410,Отличный способ избежать предательства - не верить никому.,1529348401
465,"Ты добрый, это хорошо, это по жизни очень пригодится. Другим.",1529341202
383,Нельзя повторить одну ошибку дважды. Во второй раз — это уже не ошибка. Это выбор.,1529330401
413,"Не критикуй поступки другого человека, если не знаешь, почему он их совершил. Возможно, при тех же обстоятельствах ты поступил бы также...",1529316002
277,"-Сдайте своё оружие. Таковы правила. 
-Не давать никому оружие — вот моё правило. 
-Сдайте оружие немедленно! 
-Я могу сдать тебе только пулю.",1529305203
403,Заболеть пофигизмом - единственный способ жить в этом мире.,1529298001
345,Не привыкай и не привязывайся. Придет смерть и ты потеряешь все.,1529287200
233,"Я творю искусство, которое заканчивается смертью. Я первый в мире художник-убийца! Только ваш гробовщик способен оценить это!",1529272800
290,"Время идет, и я не молодею. Итак, что я имею? Бессонницу, бесполезное образование и непонятное будущее, и ни одного полета в космос. Не густо.",1529262001
334,"Я лучше буду наслаждаться манией величия, чем страдать от комплекса неполноценности.",1529254803
390,"— Ты лгал мне! 
— Скажем, я экономил правду.",1529244003
299,"Чем больше свободного времени, тем тупее его проводишь.",1529229603
524,Ангельское терпение требует дьявольской силы.,1529218803
288,"Не волнуйся, ты тоже когда-то сдохнешь.",1529211602
225,Хватит ныть. Сильные такого себе не позволят.,1529200800
270,С завтрашнего дня начинаю новую жизнь. Но это не точно.,1529186400
402,"Самая тяжелая болезнь на свете, это привычка думать по ночам",1529175603
427,"Нам с детства впаривают, что мы без образования никто. Лучше бы впаривали, что мы без собственного мнения никто и ничто.",1529168404
389,"- Вот вы говорите, что зло не нужно помнить... ага, как же, человек старался, а я забуду?!",1529157604
401,"Люди не ценят заботу и беспокойство о них. А вот если послать их в жопу, то они обязательно среагируют!",1529143205
249,Гадкий утенок стал прекрасным лебедем. Но с тобой такое не прокатит...,1529132407
341,— Монстры не спят под твоей кроватью. Они спят в твоей голове.,1529125205
377,Я самый плохой. Я всегда во всем виноват. Я никого не ценю. Я плохо отношусь к вам. Я делаю все не так. Я слышу только себя. Да пошел я.,1529114401
370,"В этой жизни надо жить по принципу: похвали себя сам, помоги себе сам, полюби себя сам. Короче, все сам.",1529100001
316,"В этой жизни можно быть кем угодно. Странно, что многие предпочитают быть идиотами.",1529089201
339,"Почти 50% погибших наcильственной смертью были знакомы со своими убийцами. Мораль: чем меньше людей ты знаешь, тем меньше желающих тебя прикончить.",1529082001
361,"Люди говорят, что ты изменился, когда ты просто перестал вести себя так, как им хочется.",1529071201
278,"Вместо инстинкта самoсохранения, я обошелся чувством юмора и упрямым характером.",1529056801
297,"Лучше пусть меня назовут высокомерным, циничным или даже безумным и скажут, что я слишком высокого мнения о себе, чем я буду сидеть и фальшиво улыбаться людям, которые мне неинтересны и безразличны.",1529046001
306,"Миллионы людей мечтающих о бессмертии, не знают, чем заняться на выходных.",1529038801
253,"Жизнь - это очередь за смертью, а некоторые прутся вне очереди..",1529028000
321,"Молчание — самый громкий крик, потому что он рвет не уши, а сердце.",1529013600
412,Я не люблю объяснять - мои мысли непонятны даже мне.,1529002801
311,Умные люди иногда дурачатся. Дураки постоянно умничают.,1528995602
317,Моя жизнь. Moй выбоp. Мoи oшибки. Мoи уpoки.,1528984801
290,"Пусть лучше меня ненавидят за то, что я такой, какой я есть, чем обожают за то, кем я не являюсь и чего не делаю.",1528970401
446,"Помни, близкий человек может убить тебя с одного удара. 
Он то знает куда бить..",1528959601
255,"Однажды предавший - предаст тебя дважды, однажды солгавший - соврет и еще...",1528952401
327,"Самый опасный человек — это тот, кому нечего терять.",1528941600
352,"Я обожаю сплетни о себе. Вы тратите своё время и силы, обсуждая меня. В то время, как я даже не помню ваших имен.",1528927200
213,Умение прощать — свойство сильных. Слабые не прощают.,1528916401
218,Не позволяйте шуму чужих мнений перебить голос вашего Сердца.,1528909201
241,"Можно вытащить человека из грязи, но нельзя вытащить грязь из человека.",1528898401
340,"Шрамы на теле – видны всем, но не болят. 
Шрамы в душе – о них никто не знает, но они приносят постоянную ужасающую боль.",1528884001
338,"Некоторые люди живы просто потому, что закон запрещает их убивать",1528873202
275,"При разговоре с тобой я ловлю себя на мысли, что пятнадцать лет за убийство - не так уж и много.",1528866001
283,Если тебя ктo-то напрягает - расслабься и забей. Ногами. До смерти.,1528855200
265,Ошибиться может каждый. Признать ошибку – достойный. Попросить прощения – мужественный. Возобновить отношения – сильный.,1528840800
384,"- У тебя есть шрамы? 
- Я полностью ими покрыт. 
- Но я не вижу ни одного?! 
- А ты просто загляни мне в душу.",1528830001
320,"Чтобы выжить в нашем времени нужно убить в себе человека, и выпустить наружу психа, живущего в тебе.",1528812002
327,"Одна из самых важных задач в жизни - найти того, кто смотрит на этот мир так же, как и ты.",1528797602
323,"Человек хорош и прекрасен. Пока его не разбили, не обманули и не растоптали.",1528786803
294,"От смеха еще никто не умирал, кроме тех, кто пошутил неудачно.",1528779602
295,"Улыбайтесь! Это заставляет людей ломать голову, что же у вас на уме.",1528768800
283,"Когда терять нечего, можно рискнуть всем...",1528754400
267,"Сходят с ума только те, у кого он есть.",1528743603
265,"Все люди чем-то похожи. Особенно тем, что я их всех ненавижу.",1528736404
258,Cтo рaз пoмоги – забyдут. Один pаз oткажи – запoмнят.,1528725603
229,"Единственное, что все умеют превосходно — так это бросать слова на ветер...",1528711204
264,"Не знаю, верю ли я в любовь с первого взгляда. Но я точно знаю что есть такие люди, которых с первого взгляда хочется ударить в лицо, ногой.",1528700405
270,"Человек меняется, когда есть для кого.",1528693204
287,Быть как все - значит быть никем.,1528682401
198,"Жизнь имеет смысл только потому, что не бесконечна, и именно смерть делает жизнь такой сладкой.",1528668001
289,"Человек взрослеет тогда, когда способен улыбнуться тому, кто сделал больно.",1528636663
346,"Дайте человеку цель, ради которой стоит жить, и он сможет выжить в любой ситуации.",1528225200
405,Раньше и я был добрым...мне не понравилось.,1528218002
311,"Многие жалуются на свою внешность, но на мозги не жалуется никто.",1528207200
341,"Мы убиваем время, а время убивает нас.",1528192802
392,"Ненавижу, когда мне говорят: ""А что скажут люди?"" 
- Да срать я хотел на них.",1528182002
349,"Помните! Ту боль, что вы причиняли мне, я вам верну вдвойне!",1528174802
341,"Люди, которые много говорят, хотят чтобы их выслушали, а люди, которые постоянно молчат, просто уже не верят, что их поймут.",1528164000
297,Мое сердце занято — оно гоняет кровь по организму.,1528149600
311,"Злой — это как добрый, только без лжи и лицемерия.",1528138803
284,"Люди конечно твари, но вся обида в том, что ты один из них.",1528131602
338,"У каждого поступка есть своя причина. 
Не бывает ничего ""просто так"". Запомните.",1528120802
433,"Вроде как все хорошо, но не очень. Вроде как улыбаешься, но не искренне. Вроде как дышишь, но не совсем. Вроде как живешь, но душа умерла.",1528106404
486,"Никто не бросит пачку денег на улице по собственному желанию, а детей могут. И вы скажите, что этот мир нормальный?",1528095606
323,"Люди называют тебя сумасшедшим, когда ты делаешь то, на что у них никогда не хватило бы смелости",1528088403
233,Я всегда говорю правду и только правду... А вы можете отнестись к ней как пожелаете.,1528077600
240,Страдания ведут человека к совершенству.,1528063200
261,"Если человек тебе не нужен, лучше скажи ему об этом сразу.",1528052404
372,"Даже если ты один против всех - это не значит, что ты не прав.",1528045208
482,"Порой, у самых веселых людей, самая грустная душа.",1528034409
227,В любой ситуации выбор всегда за вами.,1528023455
387,"Мне плевать на мнение людей обо мне, некоторые люди вообще не имеют представление кто я.",1527879601
315,"Ничего плохого нет в том, что умный человек иногда тупит, гораздо хуже, когда тупой постоянно умничает.",1527872403
392,"Те люди, которые ненавидят меня. Знайте, я старался!",1527861602
440,"Театр? Зачем? Меня он и так окружает. Маскарад человеческой лжи, равнодушия. Игра чувствами и судьбами. Пафос. Лицемерие. Спектакль.",1527847202
363,"Нет у меня ни чувств, ни души.
Идите к черту.",1527836403
283,"Чем лучше относишься к людям, тем хуже они относятся к тебе.",1527829202
324,"Когда ты проиграл, просто улыбнись... 
Победитель теряет вкус победы...",1527818400
256,"То, что скажет тебе в лицо твой враг — ничтожно по сравнению с тем, что может сказать твой друг за спиной.",1527804000
229,Ошибиться может каждый. Признать ошибку – достойный. Попросить прощения – мужественный. Простить – сильный.,1527793204
254,Не рискнешь – не добьешься.,1527786005
267,"Мы говорим ""подумаю"", заранее уже зная ответ.",1527775204
267,"Я никогда не напомню вам о том, что вы сделали со мной. Но я никогда и не забуду этого.",1527760807
282,"Кто-то когда-то сказал, что смерть — не величайшая потеря в жизни. Величайшая потеря — это то, что умирает в нас, когда мы живем…",1527750008
278,"Безумец шутит там, где другие рыдают или трясутся от страха.",1527742806
273,"Я отвечаю за то, что говорю, но не отвечаю за то, что вы слышите.",1527732000
209,"Делай для себя, а не для окружающих. Ищи признания в своих глазах, а не в толпе.",1527717600
265,Если умеешь что-то - не делай это бесплатно!,1527704586
315,"Люди не меняются, они лишь на время играют нужную роль ради своих интересов...",1527656407
326,Бойтесь гнева терпеливых.,1527645602
323,"Если сделал ошибку, не ищи оправдания. Сразу же говори: ""Извините, я живу первый раз.""",1527631202
343,"Есть люди, которые много говорят и хотят что-то доказать, а есть люди, которые постоянно молчат, зная, что не стоит что-то кому-то доказывать.",1527361203
380,"Чтобы выжить в нашем времени нужно убить в себе человека, и выпустить наружу психа, живущего в тебе.",1527354004
308,"Я могу сделать абсолютно любой поступок, если буду уверен, что он того стоит",1527343204
326,Все мы когда-нибудь в жизни совершаем две ошибки: хороним живые отношения и удерживаем мертвые.,1527328805
273,"Люди созданы для счастья. 
Вывод: я не человек.",1527318008
340,"Пора бросать эту вредную привычку. 
- Какую? 
- Надеяться.",1527310805
253,"Мы так стремились вырасти и вот выросли, теперь нам хочется назад, от этих вечных проблем, этих чувств, этой пустоты в душе, а все, уже поздно",1527300000
253,"Часто, и у друзей есть срок годности.",1527285600
240,Со временем наши взгляды на жизнь меняются.,1527274802
337,"Какая разница, что говорят у тебя за спиной, если никто не смеет сказать в лицо",1527267604
271,"Хватит придумывать человеку оправдания. Если он захочет быть с тобой, он тебя из-под земли достанет.",1527256806
414,Я не люблю объяснять - мои мысли непонятны даже мне.,1527242408
314,"Это так страшно - разочаровываться в людях, за которых готов был отдать все",1527231608
222,"Глупый ищет, как преодолеть одиночество, 
мудрый - находит, как насладиться им.",1527224407
305,"У меня договор с совестью: она меня не грызет, а я её не имею.",1527213600
259,"Трудно говорить людям, что у тебя все нормально, когда ты сам не знаешь, что с тобой происходит.",1527199202
280,"Люди задают вопросы и обижаются, услышав правду. 
Не готов к правде, не задавай вопросов.",1527188404
323,"Не бойтесь когда я ругаюсь, кричу и выражаю свои эмоции. Бойтесь - когда я молчу.",1527181206
359,"Никто и никогда не узнает то, что творится у меня в душе. 
Ни близкие, ни далекие. Никто.",1527156006
235,Ты только никого не подпускай к себе близко. А подпустишь - захочешь удержать. А удержать ничего нельзя.,1527145208
302,У меня ничего не осталось. Мне нечем дорожить и нечего терять. Я безумен. Это делает меня идеальным.,1527138006
233,"Тактика победителя — убедить врага в том, что он делает всё правильно.",1527127200
279,Меня раздражают фразы в духе: “Ты думаешь только о себе”. А о ком мне думать? О вас что-ли!?,1527112800
241,"Я никогда не напомню вам о том, что вы сделали со мной. Но я никогда и не забуду этого.",1527102003
293,"Наш мир настолько жесток, что мы боимся даже влюбиться, ожидая повсюду подставы и ложь.",1527094805
223,"Если ты начинаешь разочаровываться в людях – не пугайся, ты на правильном пути.",1527084003
257,Не относитесь к жизни слишком серьезно - живым вам всё равно из неё не выбраться!,1527069607
305,"— Зачем ты купил спички и керосин? 
— Я хочу дарить тепло людям.",1527058808
247,"А закалялся я так - молча стоишь, улыбаешься, а боль изнутри ломает рёбра.",1527051607
281,"Не рассказывай никому, что ты чувствуешь. Все равно никто не почувствует это так, как ты.",1527040802
204,"Люди не меняются, они лишь на время играют нужную роль ради своих интересов...",1527028346
221,"Не жалей о своих ошибках, ведь не сделав их, ты никогда не узнаешь, как делать правильно.",1527015603
259,Там где нет риска - нет удовольствия.,1527008403
248,Как мало вы знаете. Как много вы судите...,1526997603
272,"Не прощай предательство. Никому. Никогда. Обманули раз, а значит обманут и второй.",1526983204
286,"Плевать, что говорят или думают о тебе другие.",1526972404
253,"Делай то, что хочешь. Делай то, что считаешь правильным. Тебя все равно будут осуждать до конца жизни.",1526965204
266,"Жить в одиночестве куда лучше, чем жить среди невыполненных обещаний и поддельной любви.",1526954400
202,Моя жизнь. Moй выбоp. Мoи oшибки. Мoи уpoки. He вашe дeло.,1526940000
221,"Мое дело сказать правду, а не заставлять верить в нее...",1526929203
165,"Лучше наслаждаться манией величия, чем страдать от комплекса неполноценности.",1526922007
212,"Люди говорят, что ты изменился, когда ты просто перестал вести себя так, как им хочется.",1526911205
158,На минуту проснулась совесть....Но мы с ней быстро договорились.,1526896803
205,"Когда ты проиграл, просто улыбнись... 
Победитель теряет вкус победы...",1526886005
156,Ты родился оригиналом — не умри репликой!,1526878803
263,"Не давай второй шанс, пусть ценят с первого.",1526868000
197,"Не путайте мое отношением к вам, с моим характером. Мой характер зависит от меня, а моё отношение - от вашего поведения.",1526853600
189,Быть как все - значит быть никем.,1526842804
242,"Я не нравлюсь многим, лишь по одной причине, у меня есть собственное мнение",1526835607
216,Главное — верить в себя. Мнение окружающих меняется ежедневно.,1526824806
257,"Самый опасный человек - это тот, кто умеет контролировать свои эмоции.",1526810408
240,Нет выхода только из гроба.,1526799610
195,Поменьше прощайте людей. Мстить гораздо интереснее.,1526792407
261,И помни — никакой агрессии. Бей и улыбайся.,1526781602
205,"Сегодня люди намного дешевле, чем их одежда.",1526756403
219,"Главное в жизни — не терять людей, с которыми у вас в голове тараканы одного вида.",1526749204
219,"Если что-то болит — молчи, иначе ударят именно туда.",1526738404
153,"Нет недостижимых целей, есть слабые характеры.",1526724004
232,"Ошибки — это доказательство того, что ты пытался.",1526713208
237,"Если вы вдруг стали для кого-то плохим, значит много хорошего было сделано для этого человека.",1526706004
202,"Не будь у меня чувства юмора, я давно бы покончил с собой.",1526695200
229,Каждый из нас молчит о многом.,1526680800
357,"Когда будете уходить, закройте за собой, пожалуйста, рот.",1526670002
198,Чем сильнее ты что-то хочешь – тем меньше об этом говори.,1526662804
239,"Даже если ты один против всех, это не значит, что ты не прав.",1526652004
243,"Можешь ударить меня правдой, но никогда не жалей меня ложью.",1526637604
195,"Никогда не напоминайте людям о себе. Тем, кому вы действительно нужны, о вас никогда не забудут",1526626807
292,"Не стоит верить моей улыбке. Я легко всажу вам пулю в лоб, с улыбкой на лице.",1526619605
253,Если вы замахнётесь на меня и спросите: Страшно? Я дам вам по роже и спрошу: Больно?,1526608800
232,"Пора уже переходить на реальность, и видеть людей не такими, какими хочешь, а такими, какие они есть.",1526594400
233,"Никогда не оправдывайтесь. Ни перед тем, кто вас любит, ни – тем более – перед тем, кто не любит. Тот, кто не любит, все равно вам никогда не поверит, а кто любит – он и сам придумает для вас оправдание.",1526583605
248,"Нет смысла требовать у людей того, чего у них нет – например, чувств, которых они не испытывают.",1526576408
222,"У каждого есть право на ошибку, а у меня вообще безлимит.",1526565607
246,"Одиночество — удел сильных, слабые всегда жмутся к толпе.",1526554257
405,"Никто не знает, что на душе у человека, который всегда смеется.",1526497204
231,"Боишься — не делай, делаешь — не бойся, а сделал — не сожалей.",1526490006
218,"Вы никому не нужны, но каждому от вас что-то нужно.",1526479207
248,"Поздно будет тогда, когда моё тело будет гнить в гробу. А сейчас ничего не поздно.",1526464806
246,"Добрые люди часто становятся жестокими. Почему? 
Да потому что об их душу просто вытерли ноги.",1526454010
229,"Умей говорить глядя в лицо, а не в спину.",1526446809
176,"В детстве я думал, что я лучше всех. С тех пор ничего не изменилось.",1526436002
261,"Злой — это как добрый, только без лжи и лицемерия.",1526410804
239,"Я не псих, я сознательно не в себе.",1526403604
194,"Не ищите людей, которые не лгут — их не бывает. Ищите тех, кто обманывает, но не предает — с такими можно иметь дело.",1526392806
217,Бойтесь гнева терпеливого человека.,1526378407
212,Если тебе грустно или тебя всё достало - возьми нож и нарисуй себе улыбку,1526367608
177,"Бывает, наступает чувство, что я не живу, а существую, пропуская один бессмысленный день за другим. Ожидая момента, когда все это закончится.",1526360408
238,"Я обожаю нарушать правила, поэтому у меня плохая репутация. Нет, не из-за моего поведения. Просто я живу не так, как хочется другим.",1526349602
200,"В жизни я слышал многое - клятвы, обещания, но лучшее, что я слышал - тишина. В ней нет лжи.",1526335202
242,"Не подавай виду, что тебя что-то задело, просто улыбайся и молча делай выводы.",1526324403
203,"Мы убиваем время, а время убивает нас.",1526317206
216,Я старался быть добрым... Мне не понравилось...,1526306405
218,"Забыв меня сегодня, не вспоминайте обо мне завтра.",1526292005
255,"Человек меняется, когда есть для кого.",1526281209
200,"Не знаю, верю ли я в любовь с первого взгляда. Но я точно знаю, что есть такие люди, которых с первого взгляда хочется ударить в лицо...Ногой.",1526274007
216,"Я могу сделать абсолютно любой поступок, если буду уверен, что он того стоит",1526263202
176,"— Как на личном фронте? 
— Я дезертир.",1526248800
198,Молчание - лучший способ ответа на бессмысленные вопросы.,1526238002
175,"Когда терять нечего, можно рискнуть всем.",1526230806
195,Если тебя ктo-то напрягает - расслабься и забей. Ногами. До смерти.,1526220006
161,Не позволяйте шуму чужих мнений влиять на ваши решения.,1526205606
190,"Люди так часто меняют маски, что забывают, как выглядят их лица.",1526194808
236,Я люблю только одного человека - себя. Потому что я точно знаю: уж эта тварь меня никогда не предаст...,1526187606
234,"- Ты в последнее время стал больше говорить гадостей. 
- Нет. Я в последнее время стал меньше врать.",1526176802
203,Мы говорим: «Я не знаю». А в голове столько ответов.,1526151603
180,"Улыбайтесь! Это заставляет людей ломать голову, что же у вас на уме.",1526144404
221,"Мне нравится разговаривать молча. Это когда посмотришь на кого-нибудь, и он сразу понимает куда ему идти.",1526133605
145,"Порой от нерешительности теряешь больше, чем от неверного решения.",1526119205
212,"Многие люди не понимают, почему я перестал с ними разговаривать. А для меня непонятно, зачем я когда-то вообще с ними заговорил.",1526108409
193,"Есть люди, которые меня ненавидят. Пусть ненавидят. Есть люди, которые меня любят. Пусть любят. А есть люди, которые меня ненавидят, а делают вид что любят. Вот таких ненавижу я.",1526101205
217,"Никто не знает, что на самом деле на душе у человека, который всегда смеется.",1526090402
207,"Люди задают вопросы и обижаются, услышав правду. 
Не готов к правде, не задавай вопросов.",1526076000
152,"Ваш потрясающий мозг может поднять вас из нищеты до богатства, превратить вас во всеобщего любимца, вывести из депрессии, сделав счастливым и радостным, - если вы правильно воспользуетесь им.",1526065201
194,Позволь каждой ошибке научить тебя великому уроку: каждый закат — это начало яркого и большого рассвета.,1526058004
162,"""Прошлое - это как пустая консервная банка, которую тащишь за собой на верёвочке. 
Идти не мешает, но постоянно отвлекает дребезжащими звуками.""",1526047203
211,"Я мечтаю ехать в машине на закате не важно куда. Просто ехать, слушать любимую музыку и ни о чём не думать.",1526032804
114,Не оглядывайся на вчерашний день.,1526022004
144,"Ты можешь бегать и убегать изо всех сил, но фокус-то в том, что убежать от себя ещё никому не удавалось...",1526014803
190,"Для каждого, кто тебя знает, ты разный..",1526004000
175,"— Жизнь часто становится хуже перед тем, как наладиться.",1525989600
140,"В жизни всегда будут проблемы. Но выбор за нами: либо ныть, либо решать их.",1525978801
168,Не хочу больше никому верить. Хватило сполна.,1525971604
197,"Я настоящий только с теми, кому доверяю.",1525960805
231,Штука в чем: Если ты холоден — ты ранишь людей. Если ты чувствительный — люди ранят тебя.,1525946404
146,"Верить людям так же глупо, как сорвавшись с обрыва хвататься за воздух.",1525935608
221,"Бессердечными часто становятся те, кого растоптали когда-то.",1525928406
174,"Нет ничего постоянного, все может измениться в любую секунду.",1525917600
140,Самая сложная и самая лучшая маскировка – это безразличие.,1525903200
152,"Каждый поступает так, как хочет и расплачивается за это сам.",1525892406
183,"Мы становимся старше и начинаем понимать, что в одиночестве нам намного лучше.",1525885206
152,"— Холодно 
— И? 
— Обними меня. 
— Я тебя лучше подожгу",1525874408
133,"Да! Я часто высказываю свою точку зрения, ибо в отличие от вас я ее имею.",1525860009
170,"Чем больше жертвуешь собой, тем меньше это ценится.",1525849214
176,"Самый страшный человек это тот, которому нечего терять... он способен на все.",1525845903
183,Из меня вышел хороший человек. А плохой — остался.,1525818629
232,"Каждому человеку, которому ты даришь доверие, ты даешь в руки нож. Им он может тебя защитить или уничтожить.",1525806003
184,"Чем лучше относишься к людям, тем хуже они относятся к тебе.",1525798807
131,"Большинство людей уже не то, что верят в конец света, они просто напросто надеяться на него.",1525788006
191,"Когда летишь с моста, понимаешь, что все твои проблемы решаемы, кроме одной - ты уже летишь с моста.",1525773606
163,"Если тебя попытались оскорбить, то воспользуйся волшебным правилом трех П: понять, простить, похоронить.",1525762809
183,"Люди говорят ""ты изменился"", когда понимают, что ты перестал быть тем, кем выгодно для них.",1525755607
173,"Обожаю слушать ложь, когда знаю правду.",1525744802
188,У меня есть я. Вместе мы справимся.,1525731149
184,"Алкоголь не помогает найти ответ, он помогает забыть вопрос.",1525719603
158,"Всегда мечтал посмотреть в лицо дьяволу, не глядя при этом в зеркало.",1525712405
181,"Никто не паникует, когда все идет согласно плану. Даже если план чудовищен.",1525701606
151,"Человек должен быть писателем своей судьбы, а не читателем чужой.",1525687207
181,"Тому, кто имеет терпение, всегда достается самое лучшее.",1525676410
161,"Лучше на ринг с дьяволом, чем вновь довериться человеку.",1525669207
186,"Я готов сделать тысячу шагов на встречу, но ни одного вдогонку.",1525658402
212,"Разумеется, людям не нравится, когда ты не такой, как они. Они будут долго тебя высмеивать, осуждать, унижать, но это все происходит от зависти. Они не могут так, как ты, у них духу не хватает. Проще назвать кого-то психом, чем признать, что тебе страшно отличиться от толпы.",1525646284
166,"Иногда надо упасть, чтобы потом встать.",1525633204
181,"- Вы кого-нибудь любите? 
- Нет, мне лень.",1525626005
153,Трудности делают людей сильнее,1525615206
171,"Человек хорош и прекрасен. Пока его не разбили, не обманули и не растоптали.",1525600807
234,Бойтесь гнева терпеливого человека.,1525590010
203,"Иногда надо творить безумства. В мире, где нет логики и разума, лишь сумасшедший найдет правильный путь.",1525582807
227,"Никто не знает что у меня в голове, но каждый идиот думает, что понимает меня.",1525572002
180,"- Будь проще, и люди к тебе потянутся. 
- Лучше я буду сложнее, и от меня отстанут те, кто проще.",1525546804
193,"Не бойтесь врагов, бойтесь друзей. Предают друзья, а не враги.",1525539607
168,"Не забывай того, кто видел тебя в дерьме и не отвернулся.",1525528806
203,"Улыбайтесь! Это заставляет людей ломать голову, что же у вас на уме.",1525514408
171,Быть как все - значит быть никем.,1525503608
180,"Человек взрослеет тогда, когда способен улыбнуться тому, что сделало ему больно.",1525496406
170,"Забыв меня сегодня, не вспоминайте обо мне завтра.",1525485602
162,"— Меня судить!? И все из-за того, что я не вписываюсь в ваши стереотипы?",1525473327
158,"Многие жалуются на свою внешность, но на мозги никто не жалуется.",1525460404
166,"Пора уже переходить на реальность, и видеть людей не такими, какими хочешь, а такими, какие они есть.",1525453210
196,"К сожалению, некоторым людям мы нужны лишь в отдельных случаях.",1525442406
227,"Не принимай решений, когда ты зол. Не давай обещаний, когда ты счастлив.",1525428011
162,Позволь каждой ошибке научить тебя великому уроку: каждый закат — это начало яркого и большого рассвета.,1525410008
162,"Иногда за улыбкой может прятаться больше ненависти, чем за сердитым взглядом.",1525399202
118,Не оглядывайся назад. Только вперед.,1525384800
207,"В этом мире можно искать всё, кроме любви и смерти… Они сами тебя найдут, когда придет время.",1525374003
189,"Не отвергайте людей, которые хотят с вами быть. Возможно, они будут единственными, кто останется с вами в самые трудные моменты жизни.",1525366805
149,"Столько есть всего, о чём надо подумать. Зачем забивать себе голову тем, чего уже не вернёшь, — надо думать о том, что ещё можно изменить.",1525356006
196,"Mы живём в мире, где улыбка уже не значит хорошее отношение к тебе. Где поцелуи совсем не значат чувства. Где признания не значат любовь. Где каждый одинок и никто не старается это изменить. Где нет больше правды, лишь все более искусная ложь.",1525341606
194,"Возраст - это лишь цифра, она не определяет ум человека и его взгляды на жизнь. Всё зависит не от прожитых лет, а от пережитых обстоятельств.",1525330805
217,"Пока существуют люди, которых я раздражаю, я буду жить и продолжать свою великую миссию.",1525323605
170,"— Сейчас ты им нужен. А надоешь, они тебя выкинут как прокажённого.",1525312800
196,"— Ты лжец, псих, неадекват, эгоист и сволочь! 
— Не надо похвал!",1525298400
232,"Иногда нужно стать зверем, чтобы с тобой поговорили по-человечески.",1525287604
154,"Никому не обязан, ни к чему не привязан, никому не подобен.",1525280405
127,Не думай о проблеме - думай о решении проблемы.,1525269605
184,"Некоторые люди думают, что мне на всё насрать. Правильно думают.",1525255207
137,"Даже трех пальцев будет много для того, чтобы сосчитать тех, в ком я уверен.",1525244410
122,"Подумай, сколько всего ты мог бы сделать, если бы не чужое мнение...",1525237207
179,"Как часто приходится слышать ""мне плохо"". Кому действительно плохо, тот молчит.",1525226400
177,"Единственный праздник, на котором мне будет весело - это апокалипсис.",1525212000
143,"Если вас критикуют, то значит вы всё делаете правильно. Потому что люди нападают на всякого у кого есть мозги.",1525201202
197,Иногда меня пугает мое безразличие.,1525194003
147,Алкоголь для слабаков. Сильные наслаждаются депрессией.,1525168804
157,"Я не псих, я сознательно не в себе.",1525158006
145,"Порядок необходим глупцам, гений же властвует над хаосом.",1525150805
155,"В наше время, чтобы выжить нужно убить в себе человека, и выпустить наружу психа, живущего в тебе.",1525140000
168,"Человек влюбляется точно так же, как и падает с лестницы. Это несчастный случай.",1525125600
164,Не слушайте советы окружающих - они выгодны только им.,1525114802
190,"Всё когда-нибудь заканчивается: терпение, нервы, патроны...",1525107603
204,"Самый страшный человек, это тот которому нечего терять... он способен на все.",1525096805
110,Людям только одно удаётся на славу — разочаровывать друг друга.,1525082407
180,"Люди называют тебя сумасшедшим, когда ты делаешь то, на что у них никогда не хватило бы смелости.",1525071608
153,"Если против тебя толпа... Жестоко расправься с самым смелым, остальные разбегутся в панике.",1525064407
132,"В среднем, в мире существует 7 человек, похожих 
на вас внешностью. Подумать только, 7 таких же 
красавчиков! Уму непостижимо.",1525053602
171,"Иногда просто необходимо сойти с ума, чтобы привести в порядок чувства.",1525039200
160,Ночь - это время глупых мыслей и потрясающих идей.,1525028402
194,"Я настоящий только с теми, кому доверяю.",1525021204
130,"Человек хорош и прекрасен. Пока его не разбили, не обманули и не растоптали.",1525010403
147,"Безумец - это прежде всего человек, которого не понимают.",1524996006
99,Трудности делают людей сильнее.,1524985207
141,"Всё-таки некоторые люди меня удивляют. Вроде бы куда ещё тупее, но им как то удается.",1524978005
143,"Стало модным приписывать себе психиатрические заболевания. Депрессия, шизофрения, паранойя - этого всего у вас нет, Вы просто тупые дебилы.",1524967200
127,"Когда у меня падает настроение, то у людей вокруг падает самооценка.",1524952800
132,"Человек влюбляется точно так же, как и падает с лестницы. Это несчастный случай.",1524942002
172,Вторая половинка? Я вроде как целым родился.,1524934804
155,"Я говорю на 3 языках: ирония, сарказм, ненормативная лексика.",1524924002
130,Люди редко умеют быть по-настоящему верными. В этом плане собаки мне нравятся куда больше.,1524909604
134,"Иногда надо упасть, чтобы потом встать.",1524898806
119,Вы правда так думаете или Вам сказали так думать?,1524891604
202,"Никто не знает, что на самом деле на душе у человека, который всегда смеется.",1524880800
113,"Ошибки — это доказательство того, что ты пытаешься и скорее всего достигнешь цели.",1524866400
157,"- Ради кого ты живешь? 
- Ради себя. 
- Это эгоистично. 
- Да, зато жить буду долго и счастливо.",1524855602
202,"Самый опасный человек тот, кто слушает, думает и молчит.",1524848404
155,"Лучше быть одному, чем пополнить стадо.",1524837603
159,"Месть не выход, но прекрасное развлечение.",1524823204
175,"Всё, что меня не убило.. сильно об этом пожалеет.. потому что теперь моя очередь.",1524812406
159,"Этот мир состоит из парадоксов. Нас учат говорить правду, и на нас обижаются, когда мы это делаем.",1524805204
189,"Я, наверное, был плохим другом, раз обо мне не вспоминают те, с кем когда-то я так искренне улыбался.",1524794401
146,"Когда летишь с моста, понимаешь, что все твои проблемы решаемы, кроме одной - ты уже летишь с моста.",1524780000
185,"Шизофрения - хорошая вещь, всегда есть с кем поговорить по душам.",1524769200
136,"Основная ваша ошибка заключается в том, что вы недооцениваете значения человеческих глаз. Поймите, что язык может скрыть истину, а глаза — никогда!",1524762004
157,"Я могу сделать абсолютно любой поступок, если буду уверен, что он того стоит.",1524751203
110,Не засоряйте свой мозг всяким хламом.,1524736803
155,"Когда одна дверь закрывается, открывается другая.. Но часто мы так долго смотрим на закрытую дверь, что не видим той, которая открылась...",1524726004
174,"То, что нас не убивает, делает нас сильнее. И злее, подлее, равнодушней.",1524718802
165,Окружающие часто говорят обо мне плохие и ужасные вещи - не верьте им: я гораздо хуже и страшнее.,1524708000
112,"Мечты становятся реальностью, когда мысли превращаются в действия.",1524693600
182,"Я не планирую, это скучно. Я импровизирую!",1524682802
124,Нужно уметь проигрывать. К этой мысли следует постепенно приучать всех своих противников.,1524675605
114,"Я — единственный на свете человек, которого мне бы хотелось узнать получше.",1524664802
126,"Научись ставить цели и управлять собой, иначе тобой будут управлять другие.",1524650413
154,"Обожаю слушать ложь, когда знаю правду.",1524639605
127,"Вы все так боитесь стать никем в этой жизни, что становитесь кем попало.",1524632404
132,Совесть - умение уничтожать мозг самому себе.,1524621600
155,"Да, у меня много недостатков. Простите меня, идеальные люди.",1524607200
164,"Когда ты родился, ты плакал, а мир 
улыбался. Так про живи жизнь так, чтобы 
умирая ты улыбался, а мир плакал.",1524596402
173,"Иди против всех. Будь собой, чего бы это не стоило. Социум сжигает индивидуальность.",1524589204
113,"Для тех, кто верит в себя, нет ничего невозможного!",1524578406
157,Никто из них никогда не узнает меня настоящего.,1524564007
149,"Если у тебя нет разногласий с людьми — значит, у тебя нет своего мнения и характера.",1524553208
104,"Каждый должен сам платить за свои ошибки, иначе он никогда не поумнеет.",1524546008
172,"-Не нервничай! Нервные клетки не восстанавливаются! 
-Не умничай. Зубы тоже.",1524535200
121,Ни на кого нельзя положиться. Все приходиться делать самому.,1524520800
122,"Мои мысли убивают меня получше, чем некоторых людей пули.",1524510002
187,"Простой способ проверить, насколько ты кому-то дорог. Перестань звонить, писать и начни считать дни.",1524502805
128,"Обидно, когда ты не можешь поцеловать человека, которого любишь, даже в щечку, потому что это ты сам.",1524492005
182,"Не забывай того, кто видел тебя в дерьме и не отвернулся.",1524477604
193,"Наслаждайся жизнью — никто не знает, когда она закончится.",1524466807
139,"Никогда не напоминайте людям о себе. Тем, кому вы действительно нужны, никогда о вас не забудут.",1524459604
143,"К сожалению, некоторым людям мы нужны лишь в отдельных случаях.",1524448800
97,"Надежды — это обручи, которые не дают сердцу лопнуть.",1524434400
121,Страх не знает логики.,1524423602
205,"Не стоит верить моей улыбке. Я могу всадить вам пулю в лоб, с улыбкой на лице.",1524416404
161,"У каждого есть право на ошибку, а у меня вообще безлимит.",1524405603
135,"— Зачем вы отрезали ему голову? 
— Да он ей всё равно не пользовался.",1524391205
198,"- Правда, что минута смеха продлевает жизнь на 5 минут? 
- Ну, это смотря над кем смеетесь… Может и сократить…",1524380406
175,"Мне плевать на то, что обо мне думают. Особенно плевать на тех, кто думать не умеет.",1524373206
109,"Не стойте в сторонке, жизнь короткая.",1524362402
171,Каждый имеет право на своё безумие.,1524348000
213,"Забудьте тех, кто вас забыл и вспомните, кто рядом.",1524337203
215,"И хоть велик соблазн по сразу двум идти дорогам, нельзя одной колодой карт играть и с дьяволом и с Богом…",1524330006
139,Главное правило реальности — не запутаться в своих иллюзиях.,1524319206
116,"Глупо видеть в человеке только то, что вы хотите видеть. 
Ведь именно эта глупость часто приводит к разочарованию.",1524304809
167,"Лучше опоздать, где ждут, чем явиться вовремя, куда не приглашали.",1524294010
133,"Не судите человека, пока не поговорите с ним лично, потому что все что вы слышите — слухи.",1524286808
157,"- Что нового? 
- А что ты помнишь из старого?",1524276002
131,Некоторые люди вдохновляют моего внутреннего серийного убийцу..,1524263746
129,"Никто не оценит твой внутренний мир, кроме торговца органами.",1524250802
164,"Чувства не проходят, мы их просто перестаём показывать.",1524243606
129,"Порой, за минуты счастья мы платим годами боли.",1524232805
164,"Человек должен мечтать, чтобы видеть смысл жизни.",1524218406
161,"Нет ничего постоянного, все может измениться в любую секунду.",1524207610
146,"Без некоторых людей мы не были бы такими, какие есть сейчас.",1524200407
194,Не хочу больше никому верить.,1524189602
101,"Мы не можем вырвать испорченные страницы. Но это не значит, что из-за них надо бросать в огонь всю книгу.",1524175200
145,"В жизни всегда будут проблемы. Но выбор за нами: либо ныть, либо решать их.",1524164404
182,"Я не страдаю безумием, я им наслаждаюсь...",1524157204
200,"Меня уже абсолютно ничего не расстраивает и не удивляет. Всё ""нормально"" в любом случае.",1524146407
170,"Есть люди, как наркотик — знаешь, что нельзя, а тянет… А есть люди, как торт — сладко, вкусно, но уже тошнит..",1524132007
141,"Есть моменты, которые навсегда в памяти.",1524121209
158,"- Я тебя люблю. Ты бесишь меня больше, чем это вообще возможно в принципе, но я хочу прожить с тобой каждую эту раздражающую минуту.",1524114008
143,"Со врeменем, уcтаeшь тянуться к людям, кoтоpыe не 
дeлают ни шагу к тeбe на вcтрeчу.",1524103202
148,"И я выберу тебя! 
Через сотни жизней, 
в сотнях миров, в любой версии 
действительности, я найду Тебя, и я выберу 
— Тебя.",1524088800
158,"― Знаешь что я заметил? Никто не паникует, когда всё идёт согласно плану... Даже если план чудовищен.",1524078004
160,Из меня вышел хороший человек. А плохой — остался.,1524070805
126,Убийство — это тоже выбор.,1524060006
142,Единственный разумный способ жить в этом мире - это жить без правил.,1524045607
120,"―Ты - тварь, убивающая за деньги. 
―Не говори как все, ты не такой. Хотя и хочешь им быть. Для них ты просто псих, как я. Сейчас ты им нужен, а надоешь — они тебя выкинут, как прокажённого. Их принципы, их кодекс — всего лишь слова, забываемые при первой опасности. Они такие, какими мир позволяет им быть. Я покажу тебе: когда дело плохо, эти... эти цивилизованные люди сожрут друг друга. Я не чудовище, я вижу их насквозь.",1524034810
96,"―Раньше у преступников в этом городе были хоть какие-то принципы, честь, уважение. А ты, во что веришь ты, а? Во что ты веришь? 
―Я верю, что то, что тебя не убивает, делает тебя... страннее!",1524027607
145,"Трудно быть добрым, если ты прав...",1524016802
101,"Если человек вас дико бесит — просто не общайтесь с ним. Хотя, конечно, как вариант, можно растворить его в кислоте...",1524004132
125,"Никогда не извиняйся за то, как ты выглядишь.",1523991602
100,"Псих? Может, покромсать тебя на мелкие кусочки и скормить твоим псам, хмм? Посмотрим тогда, насколько верен голодный пёс!",1523984402
91,"У мафии есть план, у полиции есть план, у политиков есть планы. Они... планировщики! Планировщики пытаются контролировать свои тесные мирки. Я не планировщик. Я пытаюсь показать им насколько жалки их попытки все контролировать.",1523973602
94,"- Вы считаете себя сумасшедшим? - Это интересный вопрос! Видите ли, сумасшедшие люди не считают, что они сходят с ума. Они думают, что становятся разумнее. Так что нормальные люди не должны думать, что они в здравом уме, потому что тогда они становятся немного сумасшедшими.",1523959202
107,"Я принимаю только правду, а эти наивные людишки верят во все, лишь бы было уютно и весело. Они живут иллюзией, я же жизнью.",1523948405
129,"Большая сила в человеке, который сумеет промолчать, хоть он и прав.",1523941202
80,"Я не могу убивать на скорую руку. Мне нужно порезвиться, побегать, попугать…",1523930400
138,"Большинство строит из себя умных. Лишь малая часть готова признать себя в идиотизме и как не странно, она более умна..",1523916000
89,"Никогда не угадаешь сколько у человека мозгов, пока они не разлетятся по асфальту.",1523905206
204,"Быть одиноким не так уж и плохо. По-крайней мере точно знаешь, что тебя никто не предаст.",1523898010
169,"Любовь не живет, а выживает среди ревности, тупости и самолюбия.",1523887208
104,"Набивая себе цену, можно в конце концов остаться на распродажу.",1523872806
179,И помни: никакой агрессии — бей и улыбайся.,1523862010
119,Я ничего и никому не должен доказывать.,1523854808
132,"Не позволяй никому, никогда, заставлять тебя чувствовать, что ты не заслуживаешь того, что хочешь.",1523844002
163,"Если вы сказали, не подумав – значит, вы сказали то, что думаете.",1523828215
148,"Всё придёт тогда, когда должно прийти. Не надо торопить события.",1523818803
163,"И пусть судьба не справедлива, но жизнь – игра, играй красиво.",1523811605
205,"Спасибо тем, кто отказал мне в помощи. Именно благодаря им я справился сам.",1523800806
179,И короля и пешку после игры кладут в одну коробку.,1523786406
171,"Лучше иметь повернутую психику, безумные идеи, быть непонятным и немного больным на голову, чем не отличаться от тумбочки, что стоит у твоей кровати.",1523775610
139,"Ты должен верить в себя даже тогда, когда в тебе сомневается весь мир.",1523768406
121,Не срывайте с людей маски – вдруг это намордники.,1523757602
131,Часто один взгляд собаки заменяет миллионы пустых человеческих слов.,1523744164
131,"Иногда надо творить безумства. В мире, где нет логики и разума, лишь сумасшедший найдет правильный путь.",1523732402
173,"Очень важно найти того, кто смотрит на этот мир так же, как и ты.",1523725204
169,Не принимайте доброту за слабость.,1523714405
128,"Плевать, что скажут другие. Если хочешь - действуй.",1523700005
129,"И каждый раз заново обжигаясь, ты искренне веришь, что это в последний раз, наивный ублюдок.",1523689209
93,Невыносимых людей нет. Есть узкие двери.,1523682006
97,"Если начать вырезать всех идиотов, то к вечеру почти никого не останется.",1523671202
118,Путь к сердцу человека лежит через разорванную грудную клетку. Ко всему остальному я отношусь скептически.,1523656800
101,"Смесь бреда, чуши и предательства можно выразить одним словом — жизнь.",1523646003
132,Не дай людям сломать себя.,1523638804
114,Если решишь покончить с собой - позвони мне. Захвачу видеокамеру.,1523628004
94,Если ты не со мной - ты мой враг.,1523613605
97,Почему люди бьются головой о стену? Ведь биться головой об угол гораздо эффективнее.,1523602805
157,"Почти все через это проходили, ты любил, а тебя не любили.",1523595605
154,Не будь слишком доверчив. Врут все. И ты в том числе.,1523584800
159,"А я уже привык весёлый делать вид и тихо умирать, пока никто не видит.",1523570400
162,Главное в жизни - деньги. Есть деньги - есть все. Довольно глупо это отрицать.,1523559602
161,"От смеха еще никто не умирал, кроме тех, кто пошутил неудачно.",1523552404
126,"Сарказм возник в ходе эволюции, чтобы дать умным людям выжить в обществе идиотов.",1523541604
113,"Не жалуйтесь на судьбу. Ей, может быть, с вами тоже не очень приятно.",1523527203
176,Можно доверять только двум людям. Себе и тому чуваку в зеркале.,1523516405
103,Нужные действия в нужное время могут изменить жизнь.,1523509204
173,Я не псих я просто вижу людей насквозь и понимаю их сущность.,1523498400
136,Если ты не уверен в человеке не стоит изливать ему душу потом он может этим воспользоваться.,1523484000
177,У меня есть я. Мы справимся.,1523473204
200,"Если я улыбаюсь вам, это еще не значит, что я рад вас видеть. Может я только что представил, как вас по асфальту каток размазал.",1523466005
128,"Мой психиатр говорит, что я не смогу захватить мир… наивный.",1523455205
162,"Чем больше ты стараешься добиться человека, который тебя не ценит, тем больнее для тебя будут удары его равнодушия..",1523440807
166,"В один прекрасный момент тебе просто станет абсолютно все равно, что думают другие люди - и жить станет легче.",1523430009
176,"Когда найдёшь то, что так долго искал, судьба по-любому не даст тебе взять это просто так.",1523422808
163,"Если судьба свела вас со мной, значит, пришло ваше время платить за свои грехи.",1523412000
101,"В любой ситуации выбор всегда за вами. Вы либо гуляете под дождем, либо просто под ним мокнете.",1523397600
148,Оставаться наедине со своими мыслями — весьма опасное занятие.,1523386804
156,"Падают не от сильного удара, а от неожиданного.",1523379605
176,"Если чувствуется боль, значит еще живой.",1523368804
177,Я живу как положено. А положено у меня на всё.,1523354408
156,"Я предпочитаю делать в своей жизни то, что я люблю. А не то, что модно или престижно.",1523343609
105,"Я принимаю только правду, а эти наивные людишки верят во все, лишь бы было уютно и весело. Они живут иллюзией, я же жизнью.",1523336408
173,"О какой духовности может идти речь в обществе, где люди оценивают друг друга по стоимости костюмов?",1523325602
137,Пока не возненавидишь себя старого не станешь другим.,1523311202
167,"Не стоит доверять всем подряд, многие из них красивые снаружи, но внутри полные мрази.",1523300402
113,"Двуличные люди напрягают тем, что не понятно в какое лицо лучше двинуть.",1523293205
169,Настроение: выйти на улицу и начать убивать.,1523282405
128,"Я принимаю только правду, а эти наивные людишки верят во все, лишь бы было уютно и весело. Они живут иллюзией, я же жизнью.",1523268005
109,Грусть без причины - признак меня.,1523257213
139,"Да что за век? Людей сжигать нельзя, рабов держать тоже нельзя, даже пытать никого нельзя. Я не для этого мира.",1523250008
158,"Меня уже абсолютно ничего не расстраивает и не удивляет. Всё ""нормально"" в любом случае.",1523239202
186,Не хочу больше никому верить.,1523224800
208,"Мне так надоело терять людей. Мне нужен кто-то кто придет в мою жизнь и скажет: хочешь, не хочешь, я остаюсь!",1523214130
151,"Иногда надо творить безумства. В мире, где нет логики и разума, лишь сумасшедший найдет правильный путь.",1523195372
186,"Я знаю, как надо. Но сделаю, как хочу!",1523163610
148,"Я ничего и никому не должен доказывать, верить или не верить, это ваше дело..",1523141671
142,"Нет ничего постоянного, все может измениться в любую секунду.",1523127606
196,"Чувства не проходят, мы их просто перестаём показывать.",1523120406
148,Каждый имеет право на своё безумие.,1523109606
177,"Бывают люди, с уходом которых уходит часть тебя. Ты не умираешь. Нет. Просто уже не тот, что раньше. По-другому реагируешь на вещи. По-другому мыслишь. Даже улыбка уже другая.",1523095207
162,Я не псих. Я просто вижу людей насквозь и понимаю их сущность.,1523084409
103,"У каждого из нас есть свои маски и когда некоторые личности снимают маску, то перед вами стоит полная мразь.",1523077207
106,"Я не люблю пистолет. Пистолет не приносит мне удовольствия, я больше люблю нож им можно медленно пускать кровь.",1523066402
97,"Большая сила в человеке, который сумеет промолчать, хотя он и прав.",1523052000
147,"Самый лучший подарок жизни — человек, при котором можно мыслить вслух.",1523041204
103,"Если дорога легка, то, скорее всего, ты идешь не тем путем.",1523034005
122,"Жаль, что нельзя вернуть время назад. Я многое изменить хочу.",1523023204
111,"Сколько в людях ни разочаровывайся, все равно удивят.",1523008806
135,"Трудно говорить людям, что у тебя все нормально, когда ты сам не знаешь, что с тобой происходит.",1522998008
177,Одиночество - особая форма безумия.,1522990807
169,"Чтобы найти иголку в стоге сена, достаточно сжечь сено, и провести магнитом над пеплом. Так что, не усложняйте жизнь.",1522980002
103,"Темнота не поглощает, она идет изнутри.",1522965600
115,"Наш мир - безумный, безобразный, дикий и больной...",1522954805
158,"Зачем снова сходиться с людьми, с которыми вы расстались? Это же как заваривать чайный пакетик во второй раз - чай будет как моча.",1522947607
102,"Большинство людей уже не верят в конец света, они просто напросто надеются на него.",1522936806
110,"Разумеется, людям не нравится, когда ты не такой, как они. Они будут долго тебя высмеивать, осуждать, унижать, но это все происходит от зависти. Они не могут так, как ты, у них духу не хватает.",1522922406
144,"Никогда не отказывайся от того, что заставляет тебя улыбаться.",1522904408
176,"Люди всегда разрушают то, что любят больше всего.",1522893602
144,"Для каждого, кто тебя знает, ты разный..",1522879202
147,"Ты можешь бегать и убегать изо всех сил, но фокус-то в том, что убежать от себя ещё никому не удавалось..",1522868404
109,"Чаще прислушивайтесь к шуткам, в некоторых есть доля правды.",1522861205
153,"То, что ты называешь безумием, я называю вдохновением.",1522850404
184,"Самый опасный человек тот, кто слушает, думает и молчит.",1522836007
101,"Терпеть не могу людей, которые кучу всего наобещают, но не выполняют. Да ещё и всякие оправдания придумывают.",1522825210
223,"Иди против всех. Будь собой, чего бы это не стоило. Социум сжигает индивидуальность.",1522818007
139,"Боль — это лишь слабость, покидающая твое тело.",1522807202
102,"Каждому из нас нужны переломные моменты в жизни. 
 
Ведь только после этого мы найдем в себе новые силы и сделаем то, о чем давным-давно мечтали.",1522792802
188,"Джокер - это не персонаж, это состояние души, он есть в каждом из нас..",1522782003
136,"Люди не меняются. 
Ты просто лучше их узнаешь.",1522774804
162,"Один из самых сильных страхов для человека — это понять, что он ошибался в течение долгого времени.",1522764006
193,Не слушайте советы окружающих - они выгодны только для них.,1522749606
171,"Ничего плохого нет в том, что умный человек иногда тупит, гораздо хуже когда тупой постоянно умничает.",1522731608
181,"Наш мир настолько жесток, что мы боимся даже влюбиться, ожидая повсюду подставы и ложь...",1522720802
148,"Очень важно найти того, кто смотрит на этот мир так же, как и ты.",1522706400
142,"Когда я перехожу дорогу, черная кошка плюёт через плечо три раза.",1522695602
150,"Ты ничего не поймешь в дружбе, пока тебя не кинет друг, который был лучшим.",1522688404
131,"Чем больше ты стараешься добиться человека, который тебя не ценит, тем больнее для тебя будут удары его равнодушия..",1522677604
121,"С каждым человеком ты чувствуешь себя по-разному. С кем-то ты глуп, скромен, с кем-то тебе хорошо, приятно, весело, с кем-то ты чувствуешь себя дураком, а с кем-то очень умным и серьёзным. 
Всё это приводит к одной мысли… «А какой я на самом деле?»",1522663206
120,"Разве я похож на человека, которого надо лечить? Лечить надо вас! Вы болеете, вас заботит чужое мнение, оно будет заботить вас даже если вы будете умирать! Настоящая свобода.. Вы ее хоть раз чувствовали? Вы чувствовали хоть раз, что ваш выбор это именно ВАШ выбор, а не выбор чужого мнения о вас?",1522652410
164,"Люди конечно твари, но вся обида в том, что ты один из них.",1522638003
126,"Да, я часто высказываю свою точку зрения. В отличии от вас я ее имею.",1522630800
104,"Любви, наверное, и не существует. Это всё потребности, желания тела и желание чего-то нового, как потребность к еде или к воде. Я верю только в потребности, в любовь - нет.",1522620000
192,"Любовь не живет, а выживает среди ревности, тупости и самолюбия.",1522609008
155,"Я ничего и никому не должен доказывать, верить или не верить, это ваше дело..",1522602006
172,"Особый талант - говорить спокойно, когда хочется кричать.",1522591205
164,"Всё придёт тогда, когда должно прийти. Не надо торопить события.",1522576807
174,"Давать шанс человеку, который вас предал, наверное, тоже самое, что дать вторую пулю тому, кто первый раз в вас не попал.",1522566010
112,"Не подумайте, что я издеваюсь. Я просто духовно насыщаюсь вашей раздражённостью.",1522551604
180,"Многие говорят, что я сумасшедший...
Нет, я просто оригинальный!",1522528467
125,"Безумие это как гравитация, нужно лишь подтолкнуть.",1522528454
163,"Успех… Он рождает врагов, много врагов.",1522429207
157,"Скажи, зачем страдать из-за других? Заставляй других страдать из-за тебя!",1522418407
222,"Вспомни себя год назад. Много что изменилось. 
Одни стали ближе, другие ушли.",1522404008
235,У меня есть я. Мы справимся.,1522393210
180,"У меня уникальный талант. Как бы всё плохо не было, я всегда умудряюсь сделать еще хуже.",1522378805
231,"Я никого не забыл, я просто наблюдаю, кто помнит меня.",1522342803
138,Иногда смотришь на людей и понимаешь: в твоем случае еще не всё потеряно,1522332002
202,"Я собирался убить самого прекрасного человека на земле, но потом понял, что самоубийство - это грех.",1522317603
203,"Я не планирую, это скучно. Я импровизирую!",1522306804
188,"Некоторые говорят, что не смогут жить без любви. Такое чувство, что эти идиоты ничего не слышали о кислороде.",1522292402
240,В ваши игры я буду играть по своим правилам.,1522256409
175,Единственный разумный способ жить в этом мире - это жить без правил.,1522245609
210,"Ты должен пройти через худшее, чтобы прийти к лучшему.",1522231211
210,"Не кричи на меня, а то заболеешь. 
- Чем? 
- Переломом челюсти и сотрясением мозга",1522227195
186,"Плевать, что скажут другие. Если считаешь это правильным - действуй.",1522227126
205,"Шрамы, которые оставили близкие люди, не залечит никто. Они знали, куда бьют.",1522165244
200,"Запомни: мне наплевать на тебя, твое отношение, твое мнение, твои чувства, твою жизнь.",1522083607
153,"Все люди лгут, но это не страшно, никто друг друга не слушает.",1522072807
150,"Иногда друзья значительно опаснее, чем враги.",1522058410
139,Не хочется говорить плохо о людях - но нельзя же всю жизнь молчать.,1522047614
214,Можно ли простить врага? Бог простит! Наша задача организовать их встречу.,1522042951
227,"Не лезьте в мою душу, там вам вряд ли понравится.",1521997206
207,"Злой — это как добрый, только без лжи и лицемерия.",1521986405
144,"Начал ненавидеть людей, вот только пока не определился ненавидеть каждого из вас по отдельности, или всех вместе",1521961210
264,"В принципе, я отношусь к людям так же, как и они относятся ко мне. Так что, если я к вам отношусь плохо - подумайте, может дело в вас самих.",1521946804
142,"Никогда не спорьте с идиотами. Вы опуститесь до их уровня, где они вас задавят своим опытом.",1521914405
124,"Мечты становятся реальностью, когда мысли превращаются в действия.",1521903607
199,,1521889208
166,Миром правит Безумие,1521878410
145,,1521864006
257,"Почему людям можно кидаться словами, а мне нельзя кинуть в них топор?",1521828005
133,"Нет недостижимых целей, есть слабые характеры.",1521817207
186,"У тебя есть враги? Хорошо. Значит у тебя есть своё личное мнение, свой взгляд на мир и ты что-то отстаивал.",1521802808
167,"Некоторым кажется, что я ненормальный. 
А многие уже поняли, что им не кажется.",1521792008
141,"Я думаю, то, что тебя не убивает, делает тебя… страннее…",1521777606
203,,1521741604
188,"Перед тем, как что-то сказать, 
убедитесь, что ваш язык подсоединен к мозгу..",1521730809
173,"Я не ненавижу тех, кто уходит. Я ненавижу себя за то, что жду их..",1521716408
250,"Чем больше человек плачет в одиночестве, тем жёстче он становится.",1521705610
164,"Только тогда, когда ваши мечты будут сильнее ваших страхов - ваши мечты начнут сбываться.",1521691208
178,"Многие жалуются на свою внешность, но никто - на мозги..",1521655205
231,"Люди слишком быстро находят тебе замену. Вроде вчера ты казался нужным, а сегодня остался за бортом.",1521644408
234,"Плюс в алкоголе: при его воздействии человек не в состоянии держать маску, начинает говорить душа.",1521630008
257,Никогда и никому нельзя доверять. Люди - гниль и сдадут вас с потрохами при первой же возможности.,1521619208
295,"Время — отличный учитель. Но, к сожалению, оно убивает всех своих учеников.",1521604805
256,"Попробуйте не любить никого, и вы будете нравиться всем. Посылайте к черту весь мир, и вами будут восхищаться. Всё просто - люди не ценят хорошего отношения.",1521577544
222,Бойтесь гнева терпеливого человека.,1521577480
732,"Ты единственный автор всего, что с тобой происходит.",1521577196
2723,"Люди не меняются, просто ты их лучше узнаешь...",1501453472
3045,"Нет, я не безумец. Просто обыкновенным людишкам меня непонять.",1501453440
6414,"Порой, за минуты счастья мы платим месяцами боли.",1480668511
9319,"Ненавижу когда мне говорят: "" А что скажут люди""? 
- Да плевать я хотел на них.",1476889248
6851,"Злость - это состояние, в котором язык работает быстрее мозга",1476878474
5739,"Когда ты поднимаешься, друзья узнают, кто ты. Когда ты падаешь, ты узнаешь, кто друзья.",1476867686
5831,"Я не ненавижу тех, кто уходит. Я ненавижу себя за то, что жду их..",1476853271
4163,"В слово ""УДАЧИ"" люди вкладывают больше ненависти, 
чем во фразу ""я тебя ненавижу""..",1476849636
4095,Брось вызов сильному - и люди склонятся пред тобой. Ударь слабого - и никто не подаст тебе руки.,1476817303
3627,"Перед тем, как что-то сказать, 
убедитесь, что ваш язык подсоединен к мозгу..",1476810134
2766,"Мало иметь ловкость поймать счастье, нужно еще иметь силы его удержать.",1476799373
4221,"У меня нет вредных привычек, кроме одной - ошибаться в людях.",1476792229
3077,"Я думаю, то, что тебя не убивает, делает тебя… страннее…",1476788436
3895,"Мы научились летать в небе, как птицы. Мы научились плавать в океане, как рыбы. Теперь осталось научиться жить на земле, как люди.",1476787912
2134,По статистике ежедневно 65 людей становятся миллионерами — эта мысль не дает мне покоя.,1474912340
3528,"Век учись, век живи, а все-равно сдохнешь.",1474912327
4022,Вернуться бы в прошлое с нынешними мозгами.,1473267660
5330,"Некоторым кажется, что я ненормальный. 
А многие уже поняли, что им не кажется.",1473256847
4678,"Не прощай предательство. Никому. Никогда. Обманули раз, а значит обманут и второй.",1473242452
4165,"Ты пройдешь через худшее, чтобы прийти к лучшему.",1473231692
3693,"Жизнь так устроена, что иногда даже 
друг отвернется, 
а враг поможет.",1473220842
3174,"Лучше быть честным врагом, чем фальшивым другом.",1473181344
4630,"Я знаю, как надо. Но сделаю, как хочу!",1473170537
3349,"Жизнь слишком коротка, чтобы волноваться о том, что о тебе подумают или скажут люди. 
Поэтому живи так, как хочешь, делай, что хочешь - дай им тему для разговоров.",1473157534
3443,"Молчание - не знак замкнутости, мне просто не о чем с вами говорить.",1473157504
3016,Молчание — лучший способ ответа на бессмысленные вопросы.,1473139917
950,"⚡Конкурс на трех победителей.

▶1 место: 3D Футболка «Джокер»
▶2 место: 3D Кружка «Джокер»
▶3 место: Чехол для телефона «Джокер»

Для участия:
✔ 1) Сделать репост записи
✔ 2) [club37999400|Подписаться на сообщество]
✔ 3) Результаты 26 Сентября в 21:00 по МСК

ВНИМАНИЕ: Вместо приза можно получить деньги или получить другой приз не превышающий сумму выигранного вами приза.",1473102770
4105,"Знаешь, почему меня называют не нормальным? Потому что я живу так, как я хочу, а не так, как диктуют другие...",1472050860
3785,"Добрые люди часто становятся жестокими. Почему? 
Да потому что об их душу просто вытерли ноги.",1472040065
3457,"Улыбка на лице - не показатель того, что все хорошо.",1472029290
2594,"За улыбку платим слезами, за радость – грустью, за веру – отчаянием, за любовь – одиночеством. У жизни свои расценки.",1472014861
3057,"Шрамы, которые оставили близкие люди, не залечит никто. Они знали, куда бьют.",1472011245
2818,"Людям дай только повод, а дальше они сами про тебя сказку расскажут.",1471966160
3336,Научись никогда никому ничего не рассказывать. Научись никогда… Ни от кого… Ничего… Не ждать,1471610700
3752,"Я хороший друг. Никогда не предам и всегда поддержу. 
Но если вы этого не цените, можете идти к черту. Не пропаду.",1471284044
2380,"Не забывай тех, которые видели тебя в дерьме и не отвернулись.",1471273255
4015,"Обожаю слушать ложь, когда знаю правду.",1471262451
2440,"Мир настолько стал фальшив, что почти все благодарят за ложь и обижаются на правду.",1471251661
2272,Самая тяжелая болезнь на свете - это привычка думать. Она неизлечима.,1471237246
3285,"Говорят смех продлевает жизнь?
Я буду жить вечно.",1471233644
3524,Однажды утром мне стало всё равно. Это состояние до сих пор не отпускает меня.,1471197694
1790,"Все, что тебя не убьёт — оставит шрам.",1471190520
2410,"Некоторые говорят, что не смогут жить без любви. Такое чувство, что эти идиоты ничего не слышали о кислороде.",1471186928
1906,Кто много видел - мало говорит. Кто много сделал - громко не кричит.,1471175596
2515,"Если тебя обидели, пользуйся волшебным правилом трех П: понять, простить, похоронить",1471175564
3358,"Одиночество — удел сильных, слабые всегда жмутся к толпе.",1470589328
1957,"Если ты чего-то очень сильно хочешь – ты найдёшь способ, как это получить.",1470582159
1865,"Никогда не лги тому, кто тебе доверяет. Никогда не доверяй тому, кто тебе солгал.",1470571344
2124,Жизнь - это как игра в покер: всегда надо быть готовым к блефу соперника и иметь козырь в рукаве.,1470563627
2118,"От смеха еще никто не умирал, кроме тех, кто пошутил неудачно.",1470563499
1549,"Если ты хорошо знаешь человека, то ты слышишь с какой интонацией он говорит те фразы, которые написал.",1470333642
1494,В каждом минусе есть свой плюс.,1470322882
2366,"В этой жизни надо жить по принципу: похвали себя сам, помоги себе сам, полюби себя сам. Короче, все сам.",1470312080
1523,Молчание — лучший способ ответа на бессмысленные вопросы.,1470301310
1813,"Жизнь – хитрая штука: когда у тебя на руках хорошие карты, она решает сыграть в шахматы…",1470286887
2094,Можно доверять только двум людям. Себе и тому чуваку в зеркале.,1470283261
1529,"Все темы - избиты, Все фразы - затасканы, Таланты - зарыты, Все люди - под масками.",1470252207
1351,Доверять можно лишь никому..,1470074442
1770,"Я, пожалуй, останусь сумасшедшим. Буду жить так, как хочу, а не так, как хочется другим.",1470063671
1571,"Я улыбаюсь, но в душе у меня тоска, грусть и разочарование в людях.",1470052873
2191,"Самый сильный страх - стать лишним в жизни того человека, который тебе реально дорог.",1470042097
1383,"В наши дни люди всему знают цену, но ничего не умеют ценить.",1470027674
1647,"Человек влюбляется точно так же, как и падает с лестницы. Это несчастный случай.",1470024048
1682,"На самом деле, внутри меня кроется бесконечное количество боли, агрессии, жестокости и злобы. Однажды это куда-то выльется. И неизвестно, к чему это приведет.",1469987410
1735,"Человек взрослеет тогда, когда способен улыбнуться тому, кто сделал больно.",1469728869
2128,"Вы нужны, пока вам не найдут замену.",1469718109
1040,"Я не живу, я существую, пропуская один бессмысленный день, за другим. Ожидая момента, когда все это закончится.",1469707320
1195,"Самое высшее наслаждение — сделать то, что, по мнению других, вы сделать не можете.",1469696580
1479,"Не то, что бы я ненавижу людей, просто их не за что любить.",1469690760
1241,"Если ты начинаешь разочаровываться в людях – не пугайся, ты на правильном пути.",1469469652
1075,"Всё не так плохо, как кажется. Всё гораздо хуже.",1469458888
1408,"Иногда полезно помолчать, чтобы тебя услышали, и исчезнуть, чтобы тебя заметили.",1469448105
1585,"Если человек ушел из твоей жизни, значит он уже отыграл свою роль.",1469437320
1303,Жизнь учит улыбаться через боль..,1469422907
1272,Добра и зла не существует. Существует точка зрения.,1469419266
1699,"Когда мне тяжело, я всегда напоминаю себе, что если я сдамся, легче мне не станет.",1469286078
1318,"Я говорю на 3 языках: ирония, сарказм, ненормативная лексика.",1469275285
1495,"Порой, у самых веселых людей, самая грустная душа.",1469264513
1143,"Не держи никого, пусть уходят, это их выбор.",1469250080
908,"Мне нравится, когда беседа завязывается просто так. Когда не надо волноваться, выдавливать улыбку и выдумывать, чего бы такого дальше сказать.",1469246464
1513,"Лучше быть честным врагом, чем фальшивым другом.",1469218362
1255,"Много понял, но только с опозданием.",1469037645
1068,"Всё познаётся в сравнении. Устал? Чувствуешь себя выжатым как лимон? Нет сил сдвинуться с места? Воткни себе нож в руку и увидишь, с какой скоростью ты кинешься вызывать скорую. Усталость - не более, чем недостаток мотивации.",1469026887
1244,"Я предпочитаю делать в своей жизни то, что я люблю. А не то, что модно, престижно или положено.",1469016065
1121,Я живу как положено. А положено у меня на всё.,1469005303
1155,"Жизнь - игра.
Моя жизнь - мои правила.",1468990870
924,"Если чувствуется боль, значит еще живой.",1468987241
1488,"На протяжении всей моей жизни, я всегда боюсь потерять людей, которых я люблю. Иногда я задаюсь вопросом, есть ли хоть кто-то, кто так же боится потерять меня?",1468954012
920,"Этикет — это когда хочется послать к черту, а приходится здороваться и улыбаться.",1468953954
991,"Падают не от сильного удара, а от неожиданного.",1468861256
1295,"УЛЫБАЙТЕСЬ! Это заставляет людей ломать голову над тем, что же у вас на уме.",1468843292
1217,"Никто не знает что у меня в голове, но каждый идиот думает, что понимает меня.",1468832492
1107,Оставаться наедине со своими мыслями — весьма опасное занятие.,1468818085
809,"В любой ситуации выбор всегда за вами. Вы либо гуляете под дождем, либо просто под ним мокнете.",1468814445
893,Не меняй привычек ради толпы.,1468692045
1185,"Не стоит сразу сбрасывать карты: то, что жизнь не подарила вам пару тузов в самом начале, ещё не значит, что по концовке вы не получите Роял Флэш.",1468684870
844,"Я не псих, я сознательно не в себе.",1468670477
804,"Если человек не оправдал ваши ожидания, в этом нет его вины. Ведь это ваши ожидания.",1468659719
1077,"Самый опасный человек тот, кто слушает, думает и молчит.",1468645278
1427,"Я никогда не буду улыбаться людям, которые мне не приятны. Даже если я веду себя вежливо, это мое воспитание, а не уважение к ним.",1468610328
1048,Можно ли простить врага? Бог простит! Наша задача организовать их встречу.,1468425661
873,"Хочешь стать сильнее, вырежи себе сердце, хочешь быть как все - извлеки мозг.",1468400490
716,"Зачем дарить своё сердце всем подряд? Это все равно, что каждый день подливать в колодец по ведру воды. Никто не заметит, но плюнет каждый.",1468386092
850,"Иногда друзья значительно опаснее, чем враги.",1468382473
801,"Боль — это такая замечательная вещь, которая сильных делает циниками и лицемерами, а слабых морально убивает.",1468352914
488,"Ты можешь думать, что ты чего-то не можешь, и ты также можешь думать, что сможешь: в обоих случаях ты прав.",1468252841
842,"Я не планирую, это скучно. Я импровизирую..",1468238447
948,Не советую лезть в мою душу. Это мой персональный фильм ужасов.,1468227681
1144,"Если ты не нравишься людям, значит ты лучше их.",1468213237
700,"Если судьба свела вас со мной, значит, пришло ваше время платить за свои грехи.",1468209649
553,"Хочешь быть счастливым... веди себя как счастливый человек. 
Хочешь быть богатым... веди себя как богатый.
Хочешь жить в этом Мире...тогда живи и радуйся, а не ходи с кривым и недовольным лицом...что Мир несовершенен.
Мир создаешь ты...в своей голове.
Наша жизнь такова, какой делают ее наши мысли.",1468173698
945,"Когда найдёшь то, что так долго искал, судьба по-любому не даст тебе взять это просто так.",1468166518
831,"В один прекрасный момент мне стало абсолютно все равно, что думают другие люди - и жить стало легче.",1468155768
922,"Нужен не тот, кто скажет, что все хорошо, а тот, кто скажет – дело плохо, но я с тобой до конца",1468150384
627,"Мир настолько стал фальшив, что почти все благодарят за ложь и обижаются на правду",1468150154
964,"Вспомни себя год назад. Много что изменилось.
Одни стали ближе, другие ушли.",1468087232
748,"Чем больше ты стараешься добиться человека, который тебя не ценит, тем больнее для тебя будут удары его равнодушия..",1468076468
692,"В жизни я слышал многое - клятвы, обещания, но лучшее, что я слышал - тишина. В ней нет лжи.",1468065686
617,"Сплетни, это по сути защитный механизм неудачников, с свойственным им, отсутствием своей жизни.",1468054893
638,"Мой психиатр говорит, что я не смогу захватить мир… наивный раб…",1468040468
733,"Если я улыбаюсь вам, это еще не значит, что я рад вас видеть. Может я только что представил, как вас по асфальту каток размазал.",1468036857
901,У меня есть я. Мы справимся.,1467914477
661,"Если Вам сказали, что Ваш поезд ушел, помните - есть еще самолеты и яхты.",1467903705
613,"Учитесь наслаждаться жизнью. Страдать, она научит сама.",1467892926
855,"У меня уникальный талант. Как бы всё плохо не было, я всегда умудряюсь сделать еще хуже.",1467882184
764,Больно - терпи. Спросили - не лги. Плохо - держись. Помни - это жизнь.,1467879257
386,,1467801540
813,"Я не изменюсь, вам надо - вы и меняйтесь.",1467741660
735,"Меня невозможно понять, даже не пытайтесь.",1467730877
704,"Улыбайся и не сдавайся, даже если тебе кажется, что все против тебя.",1467720096
774,"Не суди людей по себе, они не способны ради тебе сделать то, на что ты готов был ради них.",1467709308
1110,"Трудно говорить людям, что у тебя все нормально, когда ты сам не знаешь, что с тобой происходит.",1467694876
536,"Много понял, но только с опозданием.",1467691265
866,"Я никого не забыл, я просто наблюдаю, кто помнит меня.",1467664118
456,Иногда смотришь на людей и понимаешь: в твоем случае еще не всё потеряно.,1467655252
697,"Я собирался убить самого прекрасного человека на земле, но потом понял, что самоубийство - это грех.",1467644468
838,"Знаешь почему из колоды карт я люблю только Джокера? Потому что он единственная карта, которая не относится ни к тем, ни к другим, он сам по себе, и выпадает тогда, когда ты его совсем не ожидаешь.",1467633692
515,"Я не планирую, это скучно. Я импровизирую!",1467622899
760,"Жизнь - это большой супермаркет: бери что хочешь, но не забывай, касса впереди, за все придется платить.",1467608480
534,"Я не страдаю от своего безумия. Напротив, я наслаждаюсь каждой его минутой!",1467604856
576,"Я обожаю нарушать правила, поэтому у меня плохая репутация. Нет, не из-за моего поведения. Просто я живу не так, как хочется другим.",1467577932
722,"Некоторые говорят, что не смогут жить без любви. Такое чувство, что эти идиоты ничего не слышали о кислороде.",1467454170
606,"Не могу разобраться в своих чувствах, может потому что у меня их нет?",1467454144
824,В ваши игры я буду играть по своим правилам.,1467309633
637,"Ценят не за внимание, а за его отсутствие. Чем больше игнорируешь окружающих, тем больше они тобой интересуются.",1467298855
527,Единственный разумный способ жить в этом мире - это жить без правил.,1467288060
500,"Ты должен пройти через худшее, чтобы прийти к лучшему.",1467277287
669,"Шрамы, которые оставили близкие люди, не залечит никто. Они знали, куда бьют..",1467262842
596,"Не кричи на меня, а то заболеешь.
- Чем?
- Переломом челюсти и сотрясением мозга",1467259239
592,"Если жизнь тебя трахает, значит у неё встает, значит ты ей нравишься! - чего тогда ты паришься?",1467223301
761,"Бывает, ради человека бросаешь всех, а он ради всех бросает тебя.",1467216129
522,"— Так ты говорил правду!
— Я часто так делаю. А вас это удивляет?",1467205388
527,«Трудности делают людей сильнее.»,1467198353
477,Иногда меня пугает мое безразличие.,1467198285
541,"Ты знаешь, что ничего не изменится, но почему-то все равно продолжаешь ждать.",1467129660
772,"Иногда люди думают, что имеют какую-то власть надо мной. Наивные.",1467115261
582,"Хочешь заставить человека страдать — сделай ему очень хорошо, а потом верни все как было.",1467104463
667,"Будь тем, кем ты есть, а не тем, кем хотят тебя видеть другие.",1467090055
632,Если не хотите портить с человеком отношения — не мешайте ему врать.,1467086446
509,"Как только я нашел все ответы, изменились все вопросы.",1467054094
654,"Я отвечаю за то, что говорю, но я не отвечаю за то, что вы слышите.",1467048659
720,В этой жизни можно доверять только себе.,1467041906
619,"Я знаю, как надо. Но сделаю, как хочу!",1467041878
530,"Те люди, которые чаще всего прощали и дольше всего терпели, обычно уходят неожиданно и навсегда.",1467041838
589,"В любой ситуации говори ""все идет по плану"" - мало ли какой сумасшедший у тебя план.",1466964057
670,Мое сердце занято — оно гоняет кровь по организму.,1466953289
490,"Мы научились летать в небе, как птицы. Мы научились
плавать в океане, как рыбы. Теперь осталось научиться жить на земле, как люди.",1466942478
486,"Лучше иметь повернутую психику, безумные идеи, быть непонятным и немного больным на голову, чем не отличаться от тумбочки, что стоит у твоей кровати.",1466931707
645,"Каждый в этом мире, готов кинуть тебя ради своей выгоды.",1466917268
712,"Порой, боимся обидеть чужие чувства, наши чувства не боится обидеть никто.",1466913651
373,"Я предпочитаю делать в своей жизни то, что я люблю. А не то, что модно, престижно или положено.",1466881302
694,"Да, у меня много недостатков. Простите меня, идеальные люди.",1466877582
575,"Обсуждаете меня за спиной? Ну так пока вы ещё там, заодно поцелуйте меня в зад!",1466877460
458,"Никогда не обижайтесь на оскорбления со стороны большинства: если обезьяны научились разговаривать, это не значит, что они говорят правду.",1466877446
430,"Если человек не оправдал ваши ожидания, в этом нет его вины. Ведь это ваши ожидания.",1466876900
550,Люди слишком быстро находят тебе замену.,1466791253
489,"Если скучаешь по человеку, и не важно, как долго вы знакомы, значит он уже стал для тебя родным.",1466780444
808,"Не знаю, кто пишет сценарий моей жизни, но чувство юмора у него есть.",1466769654
578,Как приятно убивать человека его же словами.,1466744445
471,"Для тех, кто верит в себя, нет ничего невозможного!",1466740825
501,"Да. Я делаю много ошибок. Жизнь, к сожалению, без инструкций.",1466701293
617,"Пока не узнал, что про меня говорят, никогда бы не подумал, что так интересно живу!",1466694127
493,"Вы нужны, пока вам не найдут замену.",1466683343
436,"Каждый день нас окружает эта серая масса. А знаете что самое смешное? Каждый из этих кретинов думает, что он такой особенный, такой единственный.",1466668825
472,"В принципе, я отношусь к людям так же, как и они относятся ко мне. Так, что если я к вам отношусь плохо - подумайте, может дело в вас самих...",1466668735
619,"Почему ты всегда один?
- Я не один, со мной всегда мои безумные мысли.",1466532049
509,Правду всегда считают за оскорбление.,1466521255
501,"Никогда не отказывайся от того, что заставляет тебя улыбаться.",1466510451
515,"Осознавать, что ты стал лишним в чьей-либо жизни — всегда трудно, но лучше принять это, нежели унижаться и тащиться за ним грязным ошмётком.",1466499659
517,"Когда летишь с моста, понимаешь, что все твои проблемы решаемы, кроме одной - ты уже летишь с моста.",1466485241
456,"Когда нужна поддержка, ты обычно оказываешься никому не нужен. Но на самом деле ты постоянно никому не нужен. Просто замечаешь это лишь тогда, когда нужна поддержка.",1466481638
499,"- Молчание - знак согласия!
- Нет, я просто тебя игнорирую. Смирись уже.",1466445693
550,"Если не видишь недостатков в человеке, значит ты влюбился, идиот.",1466438529
529,"Иногда надо упасть, чтобы потом встать.",1466434963
596,"Научись терять людей, как десять копеек, выпавшие из кармана. Да, было. Да, больше нет.",1466429625
368,"Никогда не поздно, никогда не рано – поменять все планы, если это надо.",1466429602
398,"Всегда приходиться платить за те моменты, когда язык оказывается быстрее мозга.",1466359234
464,"Время покажет, жизнь научит.",1466348464
422,"То, что нельзя изменить, давно пора забыть.",1466337661
381,Чем сильнее ты что-то хочешь – тем меньше об этом говори.,1466326864
379,"Если у вас нет проблем, проверьте — есть ли у вас пульс.",1466312429
430,"Человек не может жить без сердца, без печени, без почек. Зато, без мозгов спокойно живут целыми поколениями.",1466308829
453,"Никогда ни к чему не привязывайся, иначе ты обязательно потеряешь это.",1466269288
328,"Мир состоит из бездельников, которые хотят иметь деньги, не работая, и придурков, которые готовы работать, не богатея.",1466254889
394,"Если ты не научишься управлять собой, тобой будут управлять другие.",1466240551
572,"Люди говорят, что ты изменился, когда ты просто перестал вести себя как им хочется.",1466230455
529,"Не бойтесь врагов, бойтесь друзей. Предают друзья, а не враги.",1466230398
651,Я люблю только одного человека - себя. Потому что я точно знаю: уж эта тварь меня никогда не предаст...,1466182838
380,"Не пытайтесь исправить прошлое. Лучше приложите все усилия, чтобы не испортить будущее.",1466168460
402,"Наша беда в том, что мы думаем, что у нас есть время.",1466154091
337,"Иногда мне кажется, что я люблю людей. А нет, кажется.",1466146883
384,"Если против тебя толпа, жестоко расправься с самым смелым, остальные убегут в страхе.",1466139664
382,"Один из законов жизни гласит, что как только закрывается одна дверь, открывается другая. 
Но вся беда в том, что мы смотрим на запертую дверь и не обращаем внимания на открывшуюся.",1466136031
456,"То, что происходит с тобой, происходит только с тобой. Никому и никогда не удастся взглянуть на мир твоими глазами, увидеть то, что видишь ты, и понять это так, как понимаешь ты.",1466100094
371,Не падай до выстрела — он может оказаться холостым.,1466092926
383,"Люди были созданы для того, чтобы их любили, а вещи были созданы для того, чтобы ими пользовались.
Мир находится в хаосе потому, что вещи любят, а людьми пользуются.",1466085728
570,"Мы можем сдержать боль, слезы, злость, любовь, но, сука, смех сдержать невозможно.",1466078562
354,"Никому нельзя доверять, всё приходится делать самому!",1466068210
483,"Разумеется, людям не нравится, когда ты не такой, как они. Они будут долго тебя высмеивать, осуждать, унижать, но это все происходит от зависти. Они не могут так, как ты, у них духу не хватает.",1466068186
317,"Через пару десятков лет вы будете жалеть больше о том, чего так и не решились сделать, чем о том, что сделали.",1466017246
324,"Иногда люди ведут себя настолько недостойно, что назвать кого-то из них сукой, значит глубоко оскорбить собак.",1466010055
438,"— Холодно
— И?
— Обними меня.
— Я тебя лучше подожгу",1466006480
319,"Неужели, чтобы что-то понять, человеку надо пережить катастрофу, боль, нищету, близость смерти?!",1465999287
243,"Большинство людей уже не верят в конец света, они просто напросто надеются на него.",1465992103
372,"Зачем снова сходиться с людьми, с которыми вы расстались? Это же как заваривать чайный пакетик во второй раз - чай будет как моча.",1465981296
282,"Жизнь уходит так быстро, как будто ей с нами неинтересно.",1465974091
457,"Вы сыр любите?
- Нет!
- Странно, такая крыса, а сыр не любит.",1465966861
308,"Наш мир - безумный, безобразный, дикий и больной...",1465963269
208,,1465935290
311,"Я понимаю, что ваши принципы - железо. Но ведь и оно ржавеет!",1465930930
364,"Темнота не поглощает, она идет изнутри.",1465927062
410,"Чтобы найти иголку в стоге сена, достаточно сжечь сено, и провести магнитом над пеплом. Так что, не усложняйте жизнь.",1465927045
1045,Одиночество - особая форма безумия.,1464454849
796,"Иногда надо творить безумства. В мире, где нет логики и разума, лишь сумасшедший найдет правильный путь.",1464447657
751,"Проблема современного мира в том, что умные люди полны сомнений, а глупые переполнены уверенностью.",1464436864
737,"Если я когда-нибудь скажу, что счастлив - разбуди меня.",1464426087
858,В нашем мире закон простой: кто сильнее тот и прав.,1464411653
790,"Трудно говорить людям, что у тебя все нормально, когда ты сам не знаешь, что с тобой происходит.",1464408027
630,"Сколько в людях ни разочаровывайся, все равно удивят.",1464360601
761,"Если человек тебе не нужен, лучше скажи ему об этом сразу.",1464349948
799,"Жаль, что нельзя вернуть время назад. Я многое изменить хочу.",1464349917
774,"Хочешь узнать, что я о тебе думаю? Купи мне чего-нибудь выпить… Садись поудобней… И слушай...",1463940048
735,"Чем больше познаю людей, тем больше нравятся собаки...",1463932886
872,И помни: никакой агрессии — бей и улыбайся.,1463925674
744,"Детство кончается тогда, когда ты узнаешь, что смерть существует...",1463907723
769,"Скажи, зачем страдать из-за других? Заставляй других страдать из-за тебя!",1463900520
639,"Успех… Он рождает врагов, много врагов.",1463893281
617,"Шрамы, которые оставили близкие люди, не залечит никто. Они знали, куда бьют.",1463889651
1228,"Жизнь так устроена, что иногда даже друг отвернется, 
а враг поможет.",1463335245
613,"Если дорога легка, то, скорее всего, ты идешь не тем путем.",1463328067
451,"Начал ненавидеть людей, вот только пока не определился ненавидеть каждого из вас по отдельности, или всех вместе",1463320853
571,"Не подумайте, что я издеваюсь. Я просто духовно насыщаюсь вашей раздражённостью.",1463306450
809,"Давать шансы человеку, который вас предал, наверное, тоже самое, что дать вторую пулю тому, кто первый раз в вас не попал.",1463299253
932,"Злой — это как добрый, только без лжи и лицемерия.",1463292052
698,"Всё придёт тогда, когда должно прийти. Не надо торопить события.",1463284822
555,"Девушки считают, что сейчас все парни пошли какими-то женственными. 
Так ты сука ищи не в клубах, а в спортзалах.",1463248916
439,"— Ты как роза ветров.
— Почему?
— Не знаю, захотелось сказануть что-нибудь поэтичное.",1463241722
485,"Вся наша жизнь - череда потерь: девственность, мечты, идеалы, доверие к людям.",1463238166
803,"Особый талант - говорить спокойно, когда хочется кричать.",1463223779
481,Я понимаю что ваши принципы - железо. Но ведь и оно ржавеет!,1463221626
1014,"Любите некурящих, непьющих, цените правильных,
добрых, положительных, а меня не трогайте!",1462734074
967,"Не лезьте в мою душу, там вам вряд ли понравится.",1462726873
899,Успех в жизни не зависит от оценок в школе.,1462719714
785,"Не люби никого, и ты будешь нравиться всем, посылай к чёрту весь мир и тобой будут восхищаться.",1462712483
852,"И пусть судьба не справедлива, но жизнь – игра, играй красиво",1462708913
633,"Основная ваша ошибка заключается в том, что вы недооцениваете значения человеческих глаз. Поймите, что язык может скрыть истину, а глаза — никогда!",1462698132
866,"Я ничего и никому не должен доказывать, верить или не верить, это ваше дело...",1462690932
644,На душе просто пусто и все...ничего не чувствую и не хочу...,1462683694
679,"Я живу, как умею...Не о чём не жалею. Нахожу и теряю, и с нуля начинаю, я бы вам рассказал да меня не спросили, как порой предавали, даже те кто любили,только я не сдавался,я сквозь слёзы смеялся, и чтоб не случилось, я СОБОЙ оставался!",1462680052
1120,"Я хочу быть добрее, но видит Бог,
люди сами нарываются.",1462374099
860,"Жизнь она одна, и пусть мне говорят, что я псих, но зато с улыбкой.",1462366905
687,"Все люди — лживые твари. А если вы о ком-то думаете не так, значит вы просто чего-то не знаете.",1462356091
845,"Мне плевать на то, что обо мне думают. Особенно плевать на тех, кто думать не умеет.",1462345325
719,"Если человек не умеет держать язык за зубами, то зубы ему не нужны.",1462338103
747,"Не судите человека по его внешности. За спиной он может держать либо нож, либо букет цветов.",1462332730
1032,"Мы живем в обществе, где пицца приезжает быстрее, чем скорая.",1462122070
436,"В любой гениальной вещи есть капля сумасшествия, всё «нормальное» — серая масса.",1462114889
564,"Если ты все еще думаешь, что ты кому-то нужен, значит жизнь тебя ничему так и не научила.",1462107681
359,"Если ты все еще думаешь, что ты кому-то нужен, значит жизнь тебя ничему так и не научила.",1462107681
433,"Жизнь – это лабиринт с бесконечным поиском, как избежать выхода.",1462096892
552,"Жизнь прекрасна, если не вспоминать прошлое и не думать о будущем.",1462089692
462,"Время не бьет, а медленно убивает.",1462078886
516,"Почему меня учат жить те, кто ходит на поводку у других?",1462075273
694,"Лучше иметь повернутую психику, безумные идеи, быть непонятным и немного больным на голову, чем не отличаться от тумбочки, что стоит у твоей кровати",1461859261
630,"Жизнь - не дерьмо. Если вы не можете справиться со своими проблемами, дерьмо - это вы.",1461848461
646,"Люди, которые читают книги, всегда будут управлять теми, кто смотрит телевизор.",1461837670
583,"Главный орган у человека – это задница. Во всем принимает участие – в лечении, учении, воспитании, принятии решений и поиске приключений.",1461830447
709,"- Ты что, не обиделся, когда я назвал тебя психом?
- А это был не комплимент?!",1461823244
694,Одно слово может изменить твое решение. Одно чувство может изменить твою жизнь. Один человек может изменить тебя.,1461816022
631,"Говорят, чем громче смех у человека, тем больше боли в душе.",1461780120
726,"Никто и никогда не узнает то, что творится у меня в душе. 
Ни близкие, ни далекие. Никто.",1461776520
526,"В принципе, я отношусь к людям так же, как и они относятся ко мне. Так, что если я к вам отношусь плохо - подумайте, может дело в вас самих.",1461772954
428,Работа в команде очень важна. Она позволяет свалить вину на другого.,1461769353
480,Твоё от тебя не уйдет,1461767105
611,"Иногда я делаю вид, что я нормальный, но это становится скучным, и я снова становлюсь собой.",1461767080
596,"Я вправе решать сам, кем мне быть, и что мне делать.",1461614834
454,"Всё то, что доставляло мне радость раньше - теперь кажется пресным. Никаким вообще. Я больше не вижу ничего хорошего в этой жизни.",1461614826
411,"Люди не меняются потому, что нет людей ради которых стоит меняться.",1461614800
403,"Для них ты просто псих, как я. Сейчас ты им нужен, а надоешь — они тебя выкинут, как прокажённого. Их принципы, их кодекс — всего лишь слова, забываемые при первой опасности. Они такие, какими мир позволяет им быть. Я покажу тебе: когда дело плохо, эти… эти цивилизованные люди сожрут друг друга. Я не чудовище, я вижу их насквозь.",1461614750
363,"У меня очень простые запросы. Мне нравится динамит, оружейный порох и бензин! И знаешь, что между ними общего? Они дёшевы.

  
You see, I'm a guy of simple taste. I enjoy dynamite and gunpowder, and gasoline. And you know the thing that they have in common? They're cheap.

 
Вас только деньги волнуют. Этот город заслуживает преступников получше, и я их ему дам.

  
All you care about is money. This town deserves a better class of criminal and I'm gonna give it to them.",1461614737
564,"Даже когда тебе плохо, ты всё равно включаешь грустную музыку и добиваешь себя.",1461510055
560,"Улыбайся всем как можно шире - они должны быть уверены, что ты холодная лицемерная сволочь.",1461502831
447,Никогда ничего не поздно!,1461492038
350,"Ты мечтаешь о бессмертии и вечной жизни, при этом не зная, что будешь делать завтра вечером.",1461481260
593,"Жизнь хитрая штука. Когда у меня на руках все карты, она внезапно решает играть в шахматы!",1461474050
459,"Не бойся, когда ты один... Бойся, когда ты ноль...",1461470432
583,"Иногда от тебя может отвернуться твой
лучший друг и подать тебе руку твой
злейший враг.",1461433070
417,"Я таков как есть, и нечего обсуждать меня!",1461433037
436,"Молчим — когда нужно сказать.
Когда нужно плакать — смеемся.",1461432914
242,От вашей подписчицы. Я обожаю Джокера.,1461252052
362,"Не говори, как все, ты не такой, хотя и хочешь им быть. Для них ты просто псих, как я. Сейчас ты им нужен, а надоешь они тебя выкинут, как прокаженного. Их принципы, их кодекс - всего лишь слова, забываемые при первой опасности. Чего такой серьезный?
©Темный рыцарь.",1461251870
656,"Злой — это как добрый, только без лжи и лицемерия.",1461250862
618,"Чем лучше относишься к людям, тем хуже они относятся к тебе.",1461243665
523,"Некоторые вещи лучше не видеть, некоторые слова не слышать, некоторых людей лучше не знать.",1461232855
539,"В любой ситуации говори: ""все идет по плану""- мало ли какой сумасшедший у тебя план.",1461222066
502,Смерть забирает лучших....да я бесмертен.,1461214834
443,"Передаю огромный привет своей мечте – если ты думаешь, что я просто так сдамся, то ты ошибаешься.",1461211226
496,"Многие из живущих заслуживают смерти, а многие из умерших — жизни.",1461171747
522,"Не делай человека смыслом своей жизни, он уйдет",1461168147
391,"— Чей это труп у тебя в углу валяется? 
— Это не мой",1461164581
622,"У каждого есть право на ошибку, а у меня вообще безлимит.",1461161282
391,"Судьба — очень удобное слово для тех, кто никогда не принимает решений.",1461161224
432,У меня есть две любимые игрушки: собственная судьба и чужие чувства.,1461085259
537,"— Ты лжец, псих, неадекват, эгоист и сволочь!
— Мои лучшие качества.",1461078055
496,"Суть современного мира: самый умный получил по морде от самого сильного, по заказу самого богатого.",1461067271
227,"Суть современного мира: самый умный получил по морде от самого сильного, по заказу самого богатого.",1461067271
545,"Не стоит верить моей улыбке. Я легко всажу вам пулю в лоб, с улыбкой на лице.",1461056483
517,"Разница в возрасте конечно бывает, но она ничтожна по сравнению с разницей в уме.",1461049274
362,"Как сложится судьба никто не знает. Живи свободно и не бойся перемен. Когда Господь чего-то забирает, не упусти того, что он даёт взамен.",1461042058
408,"Думай о том, что может сделать тебя счастливым. Делай то, что тебе нравится. Будь с людьми, с которыми тебе хорошо и иди только туда, где тебя ждут!",1461038448
448,"Они показали меня с плохой стороны, а в итоге я известней, чем Бетмен..",1461000558
